taxonKey	scientificName	acceptedTaxonKey	acceptedScientificName	numberOfOccurrences	taxonRank	taxonomicStatus	kingdom	kingdomKey	phylum	phylumKey	class	classKey	order	orderKey	family	familyKey	genus	genusKey	species	speciesKey	iucnRedListCategory
2527593	Panellus serotinus (Pers.) Kühner	2527596	Hohenbuehelia serotina (Pers.) Singer	1	SPECIES	SYNONYM	Fungi	5	Basidiomycota	34	Agaricomycetes	186	Agaricales	1499	Pleurotaceae	4183	Hohenbuehelia	2526255	Hohenbuehelia serotina	2527596	
2538774	Hygrophorus lucorum Kalchbr.	2538774	Hygrophorus lucorum Kalchbr.	3	SPECIES	ACCEPTED	Fungi	5	Basidiomycota	34	Agaricomycetes	186	Agaricales	1499	Hygrophoraceae	4176	Hygrophorus	2525706	Hygrophorus lucorum	2538774	
5243429	Agaricus augustus Fr.	5243429	Agaricus augustus Fr.	1	SPECIES	ACCEPTED	Fungi	5	Basidiomycota	34	Agaricomycetes	186	Agaricales	1499	Agaricaceae	4170	Agaricus	2518646	Agaricus augustus	5243429	
2524236	Rhizopogon rubescens (Tul. & C.Tul.) Tul. & C.Tul.	2524228	Rhizopogon roseolus (Corda) Th.Fr.	4	SPECIES	SYNONYM	Fungi	5	Basidiomycota	34	Agaricomycetes	186	Boletales	1063	Rhizopogonaceae	8452	Rhizopogon	2524218	Rhizopogon roseolus	2524228	
9109424	Pholiota spumosa (Fr.) Singer	9109424	Pholiota spumosa (Fr.) Singer	1	SPECIES	ACCEPTED	Fungi	5	Basidiomycota	34	Agaricomycetes	186	Agaricales	1499	Strophariaceae	4186	Pholiota	2528397	Pholiota spumosa	9109424	
2528107	Inocybe fastigiata (Schaeff.) Quél.	10846389	Pseudosperma rimosum (Bull.) Matheny & Esteve-Rav.	1	SPECIES	SYNONYM	Fungi	5	Basidiomycota	34	Agaricomycetes	186	Agaricales	1499	Inocybaceae	4177	Pseudosperma	10754240	Pseudosperma rimosum	10846389	
2533721	Gymnopilus liquiritiae (Pers.) P.Karst.	2533721	Gymnopilus liquiritiae (Pers.) P.Karst.	2	SPECIES	ACCEPTED	Fungi	5	Basidiomycota	34	Agaricomycetes	186	Agaricales	1499	Hymenogastraceae	3309302	Gymnopilus	2527854	Gymnopilus liquiritiae	2533721	
5248610	Lactarius chrysorrheus Fr.	5248610	Lactarius chrysorrheus Fr.	3	SPECIES	ACCEPTED	Fungi	5	Basidiomycota	34	Agaricomycetes	186	Russulales	1144	Russulaceae	7609	Lactarius	2532156	Lactarius chrysorrheus	5248610	
6016491	Boletus pseudocalopus Hongo	8275389	Baorangia pseudocalopus (Hongo) G.Wu & Zhu L.Yang	2	SPECIES	SYNONYM	Fungi	5	Basidiomycota	34	Agaricomycetes	186	Boletales	1063	Boletaceae	8789	Baorangia	7934296	Baorangia pseudocalopus	8275389	
5243447	Agaricus bisporus (J.E.Lange) Imbach	5243447	Agaricus bisporus (J.E.Lange) Imbach	4	SPECIES	ACCEPTED	Fungi	5	Basidiomycota	34	Agaricomycetes	186	Agaricales	1499	Agaricaceae	4170	Agaricus	2518646	Agaricus bisporus	5243447	
2551410	Russula laurocerasi Melzer	2551409	Russula grata Britzelm.	5	SPECIES	SYNONYM	Fungi	5	Basidiomycota	34	Agaricomycetes	186	Russulales	1144	Russulaceae	7609	Russula	2551169	Russula grata	2551409	
5240323	Amanita virosa Bertill.	5240323	Amanita virosa Bertill.	5	SPECIES	ACCEPTED	Fungi	5	Basidiomycota	34	Agaricomycetes	186	Agaricales	1499	Amanitaceae	4171	Amanita	6005964	Amanita virosa	5240323	
5248135	Poria cocos (Schwein.) F.A.Wolf	2549304	Macrohyporia cocos (Schwein.) I.Johans. & Ryvarden	2	SPECIES	SYNONYM	Fungi	5	Basidiomycota	34	Agaricomycetes	186	Polyporales	1145	Polyporaceae	3286	Macrohyporia	2549389	Macrohyporia cocos	2549304	
5452113	Amanita rubrovolvata S.Imai	5452113	Amanita rubrovolvata S.Imai	3	SPECIES	ACCEPTED	Fungi	5	Basidiomycota	34	Agaricomycetes	186	Agaricales	1499	Amanitaceae	4171	Amanita	6005964	Amanita rubrovolvata	5452113	
2519942	Coltricia montagnei (Fr.) Murrill	2519942	Coltricia montagnei (Fr.) Murrill	2	SPECIES	ACCEPTED	Fungi	5	Basidiomycota	34	Agaricomycetes	186	Hymenochaetales	1304	Hymenochaetaceae	8468	Coltricia	2519878	Coltricia montagnei	2519942	
2532282	Lepista (Fr.) W.G.Sm.	2532282	Lepista (Fr.) W.G.Sm.	6	GENUS	ACCEPTED	Fungi	5	Basidiomycota	34	Agaricomycetes	186	Agaricales	1499	Tricholomataceae	8787	Lepista	2532282			
5246443	Coriolus unicolor (Bull.) Pat.	9070104	Cerrena unicolor (Bull.) Murrill	2	SPECIES	SYNONYM	Fungi	5	Basidiomycota	34	Agaricomycetes	186	Polyporales	1145	Polyporaceae	3286	Cerrena	2519998	Cerrena unicolor	9070104	
2524102	Phallus Junius ex L., 1753	2524102	Phallus Junius ex L., 1753	3	GENUS	ACCEPTED	Fungi	5	Basidiomycota	34	Agaricomycetes	186	Phallales	532	Phallaceae	3292	Phallus	2524102			
5240279	Amanita porphyria Alb. & Schwein.	5240279	Amanita porphyria Alb. & Schwein.	3	SPECIES	ACCEPTED	Fungi	5	Basidiomycota	34	Agaricomycetes	186	Agaricales	1499	Amanitaceae	4171	Amanita	6005964	Amanita porphyria	5240279	
2536991	Cyptotrama asprata (Berk.) Redhead & Ginns	2536991	Cyptotrama asprata (Berk.) Redhead & Ginns	1	SPECIES	ACCEPTED	Fungi	5	Basidiomycota	34	Agaricomycetes	186	Agaricales	1499	Physalacriaceae	4182	Cyptotrama	2536985	Cyptotrama asprata	2536991	
9091779	Clavaria P.Micheli, 1729	9091779	Clavaria P.Micheli, 1729	5	GENUS	ACCEPTED	Fungi	5	Basidiomycota	34	Agaricomycetes	186	Agaricales	1499	Clavariaceae	8442	Clavaria	9091779			
2535471	Lepiota cristata (Bolton) P.Kumm.	2535471	Lepiota cristata (Bolton) P.Kumm.	6	SPECIES	ACCEPTED	Fungi	5	Basidiomycota	34	Agaricomycetes	186	Agaricales	1499	Agaricaceae	4170	Lepiota	9227295	Lepiota cristata	2535471	
5246153	Panus rudis Fr.	5246153	Panus rudis Fr.	2	SPECIES	ACCEPTED	Fungi	5	Basidiomycota	34	Agaricomycetes	186	Polyporales	1145	Polyporaceae	3286	Panus	7850509	Panus rudis	5246153	
7496350	Amanita rubescens Pers.	7496350	Amanita rubescens Pers.	5	SPECIES	ACCEPTED	Fungi	5	Basidiomycota	34	Agaricomycetes	186	Agaricales	1499	Amanitaceae	4171	Amanita	6005964	Amanita rubescens	7496350	
2593672	Trichophaea gregaria (Rehm) Boud.	2593672	Trichophaea gregaria (Rehm) Boud.	1	SPECIES	ACCEPTED	Fungi	5	Ascomycota	95	Pezizomycetes	316	Pezizales	1057	Pyronemataceae	4131	Trichophaea	2593659	Trichophaea gregaria	2593672	
5238865	Sarcodon imbricatus (L.) P.Karst.	5238865	Sarcodon imbricatus (L.) P.Karst.	2	SPECIES	ACCEPTED	Fungi	5	Basidiomycota	34	Agaricomycetes	186	Thelephorales	530	Bankeraceae	7608	Sarcodon	2521435	Sarcodon imbricatus	5238865	
3324882	Tricholoma flavovirens (Pers.) S.Lundell	3324883	Tricholoma equestre (L.) P.Kumm.	4	SPECIES	SYNONYM	Fungi	5	Basidiomycota	34	Agaricomycetes	186	Agaricales	1499	Tricholomataceae	8787	Tricholoma	2527766	Tricholoma equestre	3324883	
2594716	Helvella elastica Bull.	2594716	Helvella elastica Bull.	5	SPECIES	ACCEPTED	Fungi	5	Ascomycota	95	Pezizomycetes	316	Pezizales	1057	Helvellaceae	7006	Helvella	2521377	Helvella elastica	2594716	
2526649	Pleurotus cornucopiae (Paulet) Rolland	2526649	Pleurotus cornucopiae (Paulet) Rolland	2	SPECIES	ACCEPTED	Fungi	5	Basidiomycota	34	Agaricomycetes	186	Agaricales	1499	Pleurotaceae	4183	Pleurotus	2518610	Pleurotus cornucopiae	2526649	
5239468	Mutinus bambusinus (Zoll.) E.Fisch.	5239468	Mutinus bambusinus (Zoll.) E.Fisch.	3	SPECIES	ACCEPTED	Fungi	5	Basidiomycota	34	Agaricomycetes	186	Phallales	532	Phallaceae	3292	Mutinus	2523984	Mutinus bambusinus	5239468	
5241366	Pluteus atricapillus (Batsch) Fayod	7446067	Pluteus cervinus (Schaeff.) P.Kumm.	1	SPECIES	SYNONYM	Fungi	5	Basidiomycota	34	Agaricomycetes	186	Agaricales	1499	Pluteaceae	8447	Pluteus	2526826	Pluteus cervinus	7446067	
3302355	Camarophyllus pratensis (Fr.) P.Kumm.	3291564	Cuphophyllus pratensis (Fr.) Bon	2	SPECIES	SYNONYM	Fungi	5	Basidiomycota	34	Agaricomycetes	186	Agaricales	1499	Hygrophoraceae	4176	Cuphophyllus	7244096	Cuphophyllus pratensis	3291564	
5243591	Oudemansiella radicata (Relhan) Singer	8031042	Hymenopellis radicata (Relhan) R.H.Petersen	2	SPECIES	SYNONYM	Fungi	5	Basidiomycota	34	Agaricomycetes	186	Agaricales	1499	Physalacriaceae	4182	Hymenopellis	8154036	Hymenopellis radicata	8031042	
9547019	Russula mariae Peck	9547019	Russula mariae Peck	4	SPECIES	ACCEPTED	Fungi	5	Basidiomycota	34	Agaricomycetes	186	Russulales	1144	Russulaceae	7609	Russula	2551169	Russula mariae	9547019	
2520190	Inonotus xeranticus (Berk.) Imazeki & Aoshima	7978528	Hymenochaete xerantica (Berk.) S.H.He & Y.C.Dai	3	SPECIES	SYNONYM	Fungi	5	Basidiomycota	34	Agaricomycetes	186	Hymenochaetales	1304	Hymenochaetaceae	8468	Hymenochaete	2513798	Hymenochaete xerantica	7978528	
5243258	Lycoperdon perlatum Pers.	5243258	Lycoperdon perlatum Pers.	6	SPECIES	ACCEPTED	Fungi	5	Basidiomycota	34	Agaricomycetes	186	Agaricales	1499	Agaricaceae	4170	Lycoperdon	9367003	Lycoperdon perlatum	5243258	LC
2520940	Cyclomyces fuscus Kunze ex Fr.	2520940	Cyclomyces fuscus Kunze ex Fr.	3	SPECIES	ACCEPTED	Fungi	5	Basidiomycota	34	Agaricomycetes	186	Hymenochaetales	1304	Hymenochaetaceae	8468	Cyclomyces	2520939	Cyclomyces fuscus	2520940	
2577614	Bulgaria inquinans (Pers.) Fr.	2577614	Bulgaria inquinans (Pers.) Fr.	3	SPECIES	ACCEPTED	Fungi	5	Ascomycota	95	Leotiomycetes	179	Phacidiales	10873774	Phacidiaceae	8383	Bulgaria	9789778	Bulgaria inquinans	2577614	
3354645	Tylopilus plumbeoviolaceus (Snell & E.A.Dick) Snell & E.A.Dick	3354645	Tylopilus plumbeoviolaceus (Snell & E.A.Dick) Snell & E.A.Dick	1	SPECIES	ACCEPTED	Fungi	5	Basidiomycota	34	Agaricomycetes	186	Boletales	1063	Boletaceae	8789	Tylopilus	2519844	Tylopilus plumbeoviolaceus	3354645	
2537650	Collybia peronata (Bolton) P.Kumm.	7590943	Gymnopus peronatus (Bolton) Gray	1	SPECIES	SYNONYM	Fungi	5	Basidiomycota	34	Agaricomycetes	186	Agaricales	1499	Omphalotaceae	3305518	Gymnopus	2527767	Gymnopus peronatus	7590943	
2528978	Cortinarius pseudosalor J.E.Lange	2528978	Cortinarius pseudosalor J.E.Lange	2	SPECIES	ACCEPTED	Fungi	5	Basidiomycota	34	Agaricomycetes	186	Agaricales	1499	Cortinariaceae	4172	Cortinarius	2524960	Cortinarius pseudosalor	2528978	
5249473	Sphaerobolus stellatus Tode	5249473	Sphaerobolus stellatus Tode	1	SPECIES	ACCEPTED	Fungi	5	Basidiomycota	34	Agaricomycetes	186	Geastrales	1064	Geastraceae	4199	Sphaerobolus	8086091	Sphaerobolus stellatus	5249473	
9074224	Coprinus radians Fr.	2534651	Coprinellus radians (Fr.) Vilgalys, Hopple & Jacq.Johnson	4	SPECIES	SYNONYM	Fungi	5	Basidiomycota	34	Agaricomycetes	186	Agaricales	1499	Psathyrellaceae	4184	Coprinellus	2534558	Coprinellus radians	2534651	
5241820	Tricholoma matsutake (S.Ito & S.Imai) Singer	5241820	Tricholoma matsutake (S.Ito & S.Imai) Singer	3	SPECIES	ACCEPTED	Fungi	5	Basidiomycota	34	Agaricomycetes	186	Agaricales	1499	Tricholomataceae	8787	Tricholoma	2527766	Tricholoma matsutake	5241820	VU
2524809	Xerocomus astraeicola Imazeki	2524808	Pseudoboletus astraeicola (Imazeki) Šutara	3	SPECIES	SYNONYM	Fungi	5	Basidiomycota	34	Agaricomycetes	186	Boletales	1063	Boletaceae	8789	Pseudoboletus	2524802	Pseudoboletus astraeicola	2524808	
2594765	Helvella lacunosa Afzel.	2594765	Helvella lacunosa Afzel.	4	SPECIES	ACCEPTED	Fungi	5	Ascomycota	95	Pezizomycetes	316	Pezizales	1057	Helvellaceae	7006	Helvella	2521377	Helvella lacunosa	2594765	
3314876	Phallus impudicus L.	3314876	Phallus impudicus L.	6	SPECIES	ACCEPTED	Fungi	5	Basidiomycota	34	Agaricomycetes	186	Phallales	532	Phallaceae	3292	Phallus	2524102	Phallus impudicus	3314876	
5248803	Lactarius volemus (Fr.) Fr.	5248803	Lactarius volemus (Fr.) Fr.	3	SPECIES	ACCEPTED	Fungi	5	Basidiomycota	34	Agaricomycetes	186	Russulales	1144	Russulaceae	7609	Lactarius	2532156	Lactarius volemus	5248803	
2519516	Xerocomus badius (Fr.) Kuhner	7832732	Imleria badia (Fr.) Vizzini	2	SPECIES	SYNONYM	Fungi	5	Basidiomycota	34	Agaricomycetes	186	Boletales	1063	Boletaceae	8789	Imleria	7621106	Imleria badia	7832732	
5452223	Amanita flavipes S.Imai	5452223	Amanita flavipes S.Imai	4	SPECIES	ACCEPTED	Fungi	5	Basidiomycota	34	Agaricomycetes	186	Agaricales	1499	Amanitaceae	4171	Amanita	6005964	Amanita flavipes	5452223	
8698842	Daedaleopsis tricolor (Bull.) Bondartsev & Singer	8698842	Daedaleopsis tricolor (Bull.) Bondartsev & Singer	5	SPECIES	ACCEPTED	Fungi	5	Basidiomycota	34	Agaricomycetes	186	Polyporales	1145	Polyporaceae	3286	Daedaleopsis	2542672	Daedaleopsis tricolor	8698842	
5240238	Amanita farinosa Schwein.	5240238	Amanita farinosa Schwein.	4	SPECIES	ACCEPTED	Fungi	5	Basidiomycota	34	Agaricomycetes	186	Agaricales	1499	Amanitaceae	4171	Amanita	6005964	Amanita farinosa	5240238	
5244310	Paxillus curtisii Berk.	2540164	Meiorganum curtisii (Berk.) Singer, J.García & L.D.Gómez	2	SPECIES	SYNONYM	Fungi	5	Basidiomycota	34	Agaricomycetes	186	Boletales	1063	Paxillaceae	4195	Meiorganum	2525644	Meiorganum curtisii	2540164	
2532719	Leucopaxillus giganteus (Sowerby) Singer	2532719	Leucopaxillus giganteus (Sowerby) Singer	1	SPECIES	ACCEPTED	Fungi	5	Basidiomycota	34	Agaricomycetes	186	Agaricales	1499	Tricholomataceae	8787	Leucopaxillus	2532680	Leucopaxillus giganteus	2532719	
5249599	Cantharellus cinnabarinus (Schwein.) Schwein.	5249599	Cantharellus cinnabarinus (Schwein.) Schwein.	3	SPECIES	ACCEPTED	Fungi	5	Basidiomycota	34	Agaricomycetes	186	Cantharellales	1300	Cantharellaceae	8457	Cantharellus	9623860	Cantharellus cinnabarinus	5249599	
5241828	Tricholoma robustum (Alb. & Schwein.) Ricken	5241828	Tricholoma robustum (Alb. & Schwein.) Ricken	1	SPECIES	ACCEPTED	Fungi	5	Basidiomycota	34	Agaricomycetes	186	Agaricales	1499	Tricholomataceae	8787	Tricholoma	2527766	Tricholoma robustum	5241828	
9208081	Trametes gibbosa (Pers.) Fr.	9208081	Trametes gibbosa (Pers.) Fr.	2	SPECIES	ACCEPTED	Fungi	5	Basidiomycota	34	Agaricomycetes	186	Polyporales	1145	Polyporaceae	3286	Trametes	2519084	Trametes gibbosa	9208081	
2547204	Datronia mollis (Sommerf.) Donk	9594942	Cerioporus mollis (Sommerf.) Zmitr. & Kovalenko	1	SPECIES	SYNONYM	Fungi	5	Basidiomycota	34	Agaricomycetes	186	Polyporales	1145	Polyporaceae	3286	Cerioporus	7240748	Cerioporus mollis	9594942	
5238797	Gomphus floccosus (Schwein.) Singer	2522009	Turbinellus floccosus (Schwein.) Earle ex Giachini & Castellano	4	SPECIES	SYNONYM	Fungi	5	Basidiomycota	34	Agaricomycetes	186	Gomphales	1303	Gomphaceae	8467	Turbinellus	2521521	Turbinellus floccosus	2522009	
5239938	Scleroderma cepa Pers.	5239938	Scleroderma cepa Pers.	4	SPECIES	ACCEPTED	Fungi	5	Basidiomycota	34	Agaricomycetes	186	Boletales	1063	Sclerodermataceae	8453	Scleroderma	2524936	Scleroderma cepa	5239938	
7240100	Lactarius hygrophoroides Berk. & M.A.Curtis	7240100	Lactarius hygrophoroides Berk. & M.A.Curtis	3	SPECIES	ACCEPTED	Fungi	5	Basidiomycota	34	Agaricomycetes	186	Russulales	1144	Russulaceae	7609	Lactarius	2532156	Lactarius hygrophoroides	7240100	
8221932	Tremella globospora D.A.Reid	5237378	Tremella globispora D.A.Reid	1	SPECIES	SYNONYM	Fungi	5	Basidiomycota	34	Tremellomycetes	149	Tremellales	1123	Tremellaceae	3827	Tremella	6319768	Tremella globispora	5237378	
2538807	Hygrophorus russula (Schaeff. ex Fr.) Kauffman	2538807	Hygrophorus russula (Schaeff. ex Fr.) Kauffman	3	SPECIES	ACCEPTED	Fungi	5	Basidiomycota	34	Agaricomycetes	186	Agaricales	1499	Hygrophoraceae	4176	Hygrophorus	2525706	Hygrophorus russula	2538807	
2550247	Sparassis crispa (Wulfen) Fr.	2550247	Sparassis crispa (Wulfen) Fr.	5	SPECIES	ACCEPTED	Fungi	5	Basidiomycota	34	Agaricomycetes	186	Polyporales	1145	Sparassidaceae	7616	Sparassis	2550232	Sparassis crispa	2550247	
7244310	Rhodophyllus murrayi (Berk. & M.A.Curtis) Singer	3346266	Entoloma murrayi (Berk. & M.A.Curtis) Sacc. & P.Syd.	3	SPECIES	SYNONYM	Fungi	5	Basidiomycota	34	Agaricomycetes	186	Agaricales	1499	Entolomataceae	4174	Entoloma	2530002	Entoloma murrayi	3346266	
2519915	Coltricia perennis (L.) Murrill	2519915	Coltricia perennis (L.) Murrill	3	SPECIES	ACCEPTED	Fungi	5	Basidiomycota	34	Agaricomycetes	186	Hymenochaetales	1304	Hymenochaetaceae	8468	Coltricia	2519878	Coltricia perennis	2519915	
5239879	Suillus laricinus (Berk.) Kuntze	5239873	Suillus viscidus (L.) Roussel	2	SPECIES	SYNONYM	Fungi	5	Basidiomycota	34	Agaricomycetes	186	Boletales	1063	Suillaceae	8455	Suillus	7414997	Suillus viscidus	5239873	
5258678	Aleuria aurantia (Pers.) Fuckel	5258678	Aleuria aurantia (Pers.) Fuckel	4	SPECIES	ACCEPTED	Fungi	5	Ascomycota	95	Pezizomycetes	316	Pezizales	1057	Pyronemataceae	4131	Aleuria	2581719	Aleuria aurantia	5258678	
8980864	Peniophora quercina (Pers.) Cooke	8980864	Peniophora quercina (Pers.) Cooke	2	SPECIES	ACCEPTED	Fungi	5	Basidiomycota	34	Agaricomycetes	186	Russulales	1144	Peniophoraceae	7610	Peniophora	2513703	Peniophora quercina	8980864	
3314444	Exidia uvapassa Lloyd	3314444	Exidia uvapassa Lloyd	2	SPECIES	ACCEPTED	Fungi	5	Basidiomycota	34	Agaricomycetes	186	Auriculariales	1062	Auriculariaceae	8788	Exidia	2512856	Exidia uvapassa	3314444	
9198759	Hymenoscyphus fructigenus (Bull.) Gray	9198759	Hymenoscyphus fructigenus (Bull.) Gray	2	SPECIES	ACCEPTED	Fungi	5	Ascomycota	95	Leotiomycetes	179	Helotiales	1052	Helotiaceae	8381	Hymenoscyphus	2513008	Hymenoscyphus fructigenus	9198759	
3351496	Laccaria vinaceoavellanea Hongo	3351496	Laccaria vinaceoavellanea Hongo	4	SPECIES	ACCEPTED	Fungi	5	Basidiomycota	34	Agaricomycetes	186	Agaricales	1499	Hydnangiaceae	8445	Laccaria	2526677	Laccaria vinaceoavellanea	3351496	
3484604	Trichoglossum hirsutum (Pers.) Boud.	3484604	Trichoglossum hirsutum (Pers.) Boud.	1	SPECIES	ACCEPTED	Fungi	5	Ascomycota	95	Geoglossomycetes	7371755	Geoglossales	8190781	Geoglossaceae	8380	Trichoglossum	2586918	Trichoglossum hirsutum	3484604	
2518646	Agaricus Linnaeus, 1753	2518646	Agaricus Linnaeus, 1753	7	GENUS	ACCEPTED	Fungi	5	Basidiomycota	34	Agaricomycetes	186	Agaricales	1499	Agaricaceae	4170	Agaricus	2518646			
2544188	Irpex lacteus (Fr.) Fr.	2544188	Irpex lacteus (Fr.) Fr.	2	SPECIES	ACCEPTED	Fungi	5	Basidiomycota	34	Agaricomycetes	186	Polyporales	1145	Meruliaceae	3287	Irpex	2518613	Irpex lacteus	2544188	
2531012	Fistulina hepatica (Schaeff.) With.	2531012	Fistulina hepatica (Schaeff.) With.	3	SPECIES	ACCEPTED	Fungi	5	Basidiomycota	34	Agaricomycetes	186	Agaricales	1499	Fistulinaceae	8443	Fistulina	9072989	Fistulina hepatica	2531012	
2534413	Coprinus lagopus (Fr.) Fr.	8945216	Coprinopsis lagopus (Fr.) Redhead, Vilgalys & Moncalvo	4	SPECIES	SYNONYM	Fungi	5	Basidiomycota	34	Agaricomycetes	186	Agaricales	1499	Psathyrellaceae	4184	Coprinopsis	2534316	Coprinopsis lagopus	8945216	
3323387	Bolbitius vitellinus (Pers.) Fr.	9127230	Bolbitius titubans (Bull.) Fr.	2	SPECIES	SYNONYM	Fungi	5	Basidiomycota	34	Agaricomycetes	186	Agaricales	1499	Bolbitiaceae	8440	Bolbitius	2529626	Bolbitius titubans	9127230	
9532491	Clavaria miyabeana S.Imai	9532491	Clavaria miyabeana S.Imai	4	SPECIES	ACCEPTED	Fungi	5	Basidiomycota	34	Agaricomycetes	186	Agaricales	1499	Clavariaceae	8442	Clavaria	9091779	Clavaria miyabeana	9532491	
2533193	Agrocybe cylindracea (DC.) Maire	8138987	Cyclocybe cylindracea (DC.) Vizzini & Angelini	2	SPECIES	SYNONYM	Fungi	5	Basidiomycota	34	Agaricomycetes	186	Agaricales	1499	Strophariaceae	4186	Cyclocybe	7243095	Cyclocybe cylindracea	8138987	
8383534	Hapalopilus rutilans (Pers.) Murrill	8383534	Hapalopilus rutilans (Pers.) Murrill	2	SPECIES	ACCEPTED	Fungi	5	Basidiomycota	34	Agaricomycetes	186	Polyporales	1145	Polyporaceae	3286	Hapalopilus	2521381	Hapalopilus rutilans	8383534	
2537268	Marasmius crinis-equi F.Muell. ex Kalchbr.	2537268	Marasmius crinis-equi F.Muell. ex Kalchbr.	2	SPECIES	ACCEPTED	Fungi	5	Basidiomycota	34	Agaricomycetes	186	Agaricales	1499	Marasmiaceae	4179	Marasmius	2526678	Marasmius crinis-equi	2537268	
8961574	Amanita pantherina (DC.) Krombh.	8961574	Amanita pantherina (DC.) Krombh.	5	SPECIES	ACCEPTED	Fungi	5	Basidiomycota	34	Agaricomycetes	186	Agaricales	1499	Amanitaceae	4171	Amanita	6005964	Amanita pantherina	8961574	
8868027	Lactarius vellereus (Fr.) Fr.	8868027	Lactarius vellereus (Fr.) Fr.	3	SPECIES	ACCEPTED	Fungi	5	Basidiomycota	34	Agaricomycetes	186	Russulales	1144	Russulaceae	7609	Lactarius	2532156	Lactarius vellereus	8868027	
5258510	Gyromitra esculenta (Pers.) Fr.	5258510	Gyromitra esculenta (Pers.) Fr.	1	SPECIES	ACCEPTED	Fungi	5	Ascomycota	95	Pezizomycetes	316	Pezizales	1057	Discinaceae	7005	Gyromitra	2593331	Gyromitra esculenta	5258510	
3314884	Phallus rugulosus (E.Fisch.) Lloyd	3314884	Phallus rugulosus (E.Fisch.) Lloyd	4	SPECIES	ACCEPTED	Fungi	5	Basidiomycota	34	Agaricomycetes	186	Phallales	532	Phallaceae	3292	Phallus	2524102	Phallus rugulosus	3314884	
2519412	Xerocomus chrysenteron (Bull.) Quél.	2519413	Xerocomellus chrysenteron (Bull.) Šutara	5	SPECIES	SYNONYM	Fungi	5	Basidiomycota	34	Agaricomycetes	186	Boletales	1063	Boletaceae	8789	Xerocomellus	7240529	Xerocomellus chrysenteron	2519413	
2519794	Hymenochaete intricata (Lloyd) S.Ito	9771686	Hymenochaetopsis intricata (Lloyd) S.H.He & Jiao Yang	2	SPECIES	SYNONYM	Fungi	5	Basidiomycota	34	Agaricomycetes	186	Hymenochaetales	1304	Hymenochaetaceae	8468	Hymenochaetopsis	9606178	Hymenochaetopsis intricata	9771686	
2552011	Fomitopsis insularis (Murrill) Imazeki	2552010	Heterobasidion insulare (Murrill) Ryvarden	3	SPECIES	SYNONYM	Fungi	5	Basidiomycota	34	Agaricomycetes	186	Russulales	1144	Bondarzewiaceae	7613	Heterobasidion	2546367	Heterobasidion insulare	2552010	
2554337	Geastrum mirabile Mont.	2554337	Geastrum mirabile Mont.	1	SPECIES	ACCEPTED	Fungi	5	Basidiomycota	34	Agaricomycetes	186	Geastrales	1064	Geastraceae	4199	Geastrum	2525056	Geastrum mirabile	2554337	
9141390	Leccinum scabrum (Bull.) Gray	9141390	Leccinum scabrum (Bull.) Gray	3	SPECIES	ACCEPTED	Fungi	5	Basidiomycota	34	Agaricomycetes	186	Boletales	1063	Boletaceae	8789	Leccinum	2520104	Leccinum scabrum	9141390	
2519457	Xerocomus subtomentosus (L.) Quél.	5954888	Boletus subtomentosus L.	3	SPECIES	SYNONYM	Fungi	5	Basidiomycota	34	Agaricomycetes	186	Boletales	1063	Boletaceae	8789	Boletus	8287374	Boletus subtomentosus	5954888	
2526548	Pleurotus pulmonarius (Fr.) Quél.	2526548	Pleurotus pulmonarius (Fr.) Quél.	1	SPECIES	ACCEPTED	Fungi	5	Basidiomycota	34	Agaricomycetes	186	Agaricales	1499	Pleurotaceae	4183	Pleurotus	2518610	Pleurotus pulmonarius	2526548	
2537958	Baeospora myosura (Fr.) Singer	2537958	Baeospora myosura (Fr.) Singer	2	SPECIES	ACCEPTED	Fungi	5	Basidiomycota	34	Agaricomycetes	186	Agaricales	1499	Marasmiaceae	4179	Baeospora	2535953	Baeospora myosura	2537958	
2538720	Hygrophorus camarophyllus (Alb. & Schwein.) Dumée, Grandjean & Maire	2538720	Hygrophorus camarophyllus (Alb. & Schwein.) Dumée, Grandjean & Maire	1	SPECIES	ACCEPTED	Fungi	5	Basidiomycota	34	Agaricomycetes	186	Agaricales	1499	Hygrophoraceae	4176	Hygrophorus	2525706	Hygrophorus camarophyllus	2538720	
9174116	Coprinus micaceus (Bull.) Fr.	2534578	Coprinellus micaceus (Bull.) Vilgalys, Hopple & Jacq.Johnson	6	SPECIES	SYNONYM	Fungi	5	Basidiomycota	34	Agaricomycetes	186	Agaricales	1499	Psathyrellaceae	4184	Coprinellus	2534558	Coprinellus micaceus	2534578	
2551447	Russula foetens Pers.	2551447	Russula foetens Pers.	5	SPECIES	ACCEPTED	Fungi	5	Basidiomycota	34	Agaricomycetes	186	Russulales	1144	Russulaceae	7609	Russula	2551169	Russula foetens	2551447	
5246307	Microporus affinis (Blume & T.Nees) Kuntze	5246307	Microporus affinis (Blume & T.Nees) Kuntze	6	SPECIES	ACCEPTED	Fungi	5	Basidiomycota	34	Agaricomycetes	186	Polyporales	1145	Polyporaceae	3286	Microporus	2519065	Microporus affinis	5246307	
8823760	Cortinarius vibratilis (Fr.) Fr.	8823760	Cortinarius vibratilis (Fr.) Fr.	2	SPECIES	ACCEPTED	Fungi	5	Basidiomycota	34	Agaricomycetes	186	Agaricales	1499	Cortinariaceae	4172	Cortinarius	2524960	Cortinarius vibratilis	8823760	
9210867	Asterophora lycoperdoides (Bull.) Ditmar	9210867	Asterophora lycoperdoides (Bull.) Ditmar	4	SPECIES	ACCEPTED	Fungi	5	Basidiomycota	34	Agaricomycetes	186	Agaricales	1499	Lyophyllaceae	4178	Asterophora	2530880	Asterophora lycoperdoides	9210867	
5246463	Pycnoporus coccineus (Fr.) Bondartsev & Singer	8134528	Trametes coccinea (Fr.) Hai J.Li & S.H.He	4	SPECIES	SYNONYM	Fungi	5	Basidiomycota	34	Agaricomycetes	186	Polyporales	1145	Polyporaceae	3286	Trametes	2519084	Trametes coccinea	8134528	
3330718	Inocybe lacera (Fr.) P.Kumm.	3330718	Inocybe lacera (Fr.) P.Kumm.	3	SPECIES	ACCEPTED	Fungi	5	Basidiomycota	34	Agaricomycetes	186	Agaricales	1499	Inocybaceae	4177	Inocybe	2527866	Inocybe lacera	3330718	
5954897	Boletus pruinatus Fr. & Hök	2519584	Xerocomellus pruinatus (Fr. & Hök) Šutara	1	SPECIES	SYNONYM	Fungi	5	Basidiomycota	34	Agaricomycetes	186	Boletales	1063	Boletaceae	8789	Xerocomellus	7240529	Xerocomellus pruinatus	2519584	
7245720	Chlorociboria aeruginascens (Nyl.) Kanouse ex C.S.Ramamurthi, Korf & L.R.Batra	7245720	Chlorociboria aeruginascens (Nyl.) Kanouse ex C.S.Ramamurthi, Korf & L.R.Batra	1	SPECIES	ACCEPTED	Fungi	5	Ascomycota	95	Leotiomycetes	179	Helotiales	1052	Chlorociboriaceae	8157518	Chlorociboria	8034517	Chlorociboria aeruginascens	7245720	
2586915	Microglossum rufum (Schwein.) Underw.	2586915	Microglossum rufum (Schwein.) Underw.	1	SPECIES	ACCEPTED	Fungi	5	Ascomycota	95	Leotiomycetes	179	Leotiales	1053	Leotiaceae	4124	Microglossum	7677481	Microglossum rufum	2586915	
7243226	Naematoloma fasciculare (Huds.) P.Karst.	3293632	Hypholoma fasciculare (Huds.) P.Kumm.	5	SPECIES	SYNONYM	Fungi	5	Basidiomycota	34	Agaricomycetes	186	Agaricales	1499	Strophariaceae	4186	Hypholoma	2533397	Hypholoma fasciculare	3293632	
3322053	Marasmius pulcherripes Peck	3322053	Marasmius pulcherripes Peck	2	SPECIES	ACCEPTED	Fungi	5	Basidiomycota	34	Agaricomycetes	186	Agaricales	1499	Marasmiaceae	4179	Marasmius	2526678	Marasmius pulcherripes	3322053	
2546923	Polyporellus brumalis (Pers.) P.Karst.	7838425	Lentinus brumalis (Pers.) Zmitr.	2	SPECIES	SYNONYM	Fungi	5	Basidiomycota	34	Agaricomycetes	186	Polyporales	1145	Polyporaceae	3286	Lentinus	2526675	Lentinus brumalis	7838425	
3326002	Clitocybe acromelalga Ichimura	7884892	Paralepistopsis acromelalga (Ichimura) Vizzini	2	SPECIES	SYNONYM	Fungi	5	Basidiomycota	34	Agaricomycetes	186	Agaricales	1499	Tricholomataceae	8787	Paralepistopsis	7810702	Paralepistopsis acromelalga	7884892	
5452673	Amanita hemibapha subsp. javanica Corner & Bas	5452201	Amanita javanica (Corner & Bas) T.Oda, C.Tanaka & Tsuda	2	SUBSPECIES	SYNONYM	Fungi	5	Basidiomycota	34	Agaricomycetes	186	Agaricales	1499	Amanitaceae	4171	Amanita	6005964	Amanita javanica	5452201	
2524693	Pulveroboletus ravenelii (Berk. & M.A.Curtis) Murrill	2524693	Pulveroboletus ravenelii (Berk. & M.A.Curtis) Murrill	3	SPECIES	ACCEPTED	Fungi	5	Basidiomycota	34	Agaricomycetes	186	Boletales	1063	Boletaceae	8789	Pulveroboletus	2524692	Pulveroboletus ravenelii	2524693	
2533711	Gymnopilus aeruginosus (Peck) Singer	2533711	Gymnopilus aeruginosus (Peck) Singer	6	SPECIES	ACCEPTED	Fungi	5	Basidiomycota	34	Agaricomycetes	186	Agaricales	1499	Hymenogastraceae	3309302	Gymnopilus	2527854	Gymnopilus aeruginosus	2533711	
2535456	Lepiota clypeolaria (Bull.) P.Kumm.	2535456	Lepiota clypeolaria (Bull.) P.Kumm.	3	SPECIES	ACCEPTED	Fungi	5	Basidiomycota	34	Agaricomycetes	186	Agaricales	1499	Agaricaceae	4170	Lepiota	9227295	Lepiota clypeolaria	2535456	
2551389	Russula aurata Fr.	2551388	Russula aurea Pers.	2	SPECIES	SYNONYM	Fungi	5	Basidiomycota	34	Agaricomycetes	186	Russulales	1144	Russulaceae	7609	Russula	2551169	Russula aurea	2551388	
5258860	Humaria hemisphaerica (F.H.Wigg.) Fuckel	5258860	Humaria hemisphaerica (F.H.Wigg.) Fuckel	1	SPECIES	ACCEPTED	Fungi	5	Ascomycota	95	Pezizomycetes	316	Pezizales	1057	Pyronemataceae	4131	Humaria	5255238	Humaria hemisphaerica	5258860	
5455805	Agaricus diminutivus Peck	5455805	Agaricus diminutivus Peck	1	SPECIES	ACCEPTED	Fungi	5	Basidiomycota	34	Agaricomycetes	186	Agaricales	1499	Agaricaceae	4170	Agaricus	2518646	Agaricus diminutivus	5455805	
6332957	Linderia bicolumnata (Lloyd) G.Cunn.	2523978	Laternea columnata Nees	3	SPECIES	SYNONYM	Fungi	5	Basidiomycota	34	Agaricomycetes	186	Phallales	532	Phallaceae	3292	Laternea	2523977	Laternea columnata	2523978	
2538000	Pleurocybella porrigens (Pers.) Singer	2538000	Pleurocybella porrigens (Pers.) Singer	1	SPECIES	ACCEPTED	Fungi	5	Basidiomycota	34	Agaricomycetes	186	Agaricales	1499	Marasmiaceae	4179	Pleurocybella	2530482	Pleurocybella porrigens	2538000	
3351342	Descolea flavoannulata (Lj.N.Vassiljeva) E.Horak	3351342	Descolea flavoannulata (Lj.N.Vassiljeva) E.Horak	3	SPECIES	ACCEPTED	Fungi	5	Basidiomycota	34	Agaricomycetes	186	Agaricales	1499	Bolbitiaceae	8440	Descolea	2526707	Descolea flavoannulata	3351342	
2539197	Clitopilus prunulus (Scop.) P.Kumm.	2539197	Clitopilus prunulus (Scop.) P.Kumm.	1	SPECIES	ACCEPTED	Fungi	5	Basidiomycota	34	Agaricomycetes	186	Agaricales	1499	Entolomataceae	4174	Clitopilus	8691923	Clitopilus prunulus	2539197	LC
2535335	Lepiota acutesquamosa (Weinm.) P.Kumm.	5243011	Echinoderma asperum (Pers.) Bon	2	SPECIES	SYNONYM	Fungi	5	Basidiomycota	34	Agaricomycetes	186	Agaricales	1499	Agaricaceae	4170	Echinoderma	7242432	Echinoderma asperum	5243011	
2544114	Abortiporus biennis (Bull.) Singer	2544114	Abortiporus biennis (Bull.) Singer	1	SPECIES	ACCEPTED	Fungi	5	Basidiomycota	34	Agaricomycetes	186	Polyporales	1145	Meruliaceae	3287	Abortiporus	2540798	Abortiporus biennis	2544114	
2520519	Phellinus gilvus (Schwein.) Pat.	2520519	Phellinus gilvus (Schwein.) Pat.	1	SPECIES	ACCEPTED	Fungi	5	Basidiomycota	34	Agaricomycetes	186	Hymenochaetales	1304	Hymenochaetaceae	8468	Phellinus	2520108	Phellinus gilvus	2520519	
2551213	Russula emetica (Schaeff.) Pers.	2551213	Russula emetica (Schaeff.) Pers.	4	SPECIES	ACCEPTED	Fungi	5	Basidiomycota	34	Agaricomycetes	186	Russulales	1144	Russulaceae	7609	Russula	2551169	Russula emetica	2551213	
5238894	Sarcodon aspratus (Berk.) S.Ito	5238865	Sarcodon imbricatus (L.) P.Karst.	4	SPECIES	SYNONYM	Fungi	5	Basidiomycota	34	Agaricomycetes	186	Thelephorales	530	Bankeraceae	7608	Sarcodon	2521435	Sarcodon imbricatus	5238865	
5248687	Lactarius repraesentaneus Britzelm.	5248687	Lactarius repraesentaneus Britzelm.	1	SPECIES	ACCEPTED	Fungi	5	Basidiomycota	34	Agaricomycetes	186	Russulales	1144	Russulaceae	7609	Lactarius	2532156	Lactarius repraesentaneus	5248687	
5240264	Amanita hemibapha (Berk. & Broome) Sacc.	5240264	Amanita hemibapha (Berk. & Broome) Sacc.	6	SPECIES	ACCEPTED	Fungi	5	Basidiomycota	34	Agaricomycetes	186	Agaricales	1499	Amanitaceae	4171	Amanita	6005964	Amanita hemibapha	5240264	
9286355	Coriolus versicolor (L.) Pilat	9286355	Coriolus versicolor (L.) Pilat	6	SPECIES	ACCEPTED	Fungi	5	Basidiomycota	34	Agaricomycetes	186	Polyporales	1145	Polyporaceae	3286	Trametes	2519084	Coriolus versicolor	9286355	
3347259	Lyophyllum sykosporum Hongo & Clémençon	3347259	Lyophyllum sykosporum Hongo & Clémençon	1	SPECIES	ACCEPTED	Fungi	5	Basidiomycota	34	Agaricomycetes	186	Agaricales	1499	Lyophyllaceae	4178	Lyophyllum	2530661	Lyophyllum sykosporum	3347259	
8173469	Marasmius nigripes Fr.	2537483	Tetrapyrgos nigripes (Fr.) E.Horak	2	SPECIES	SYNONYM	Fungi	5	Basidiomycota	34	Agaricomycetes	186	Agaricales	1499	Marasmiaceae	4179	Tetrapyrgos	2537457	Tetrapyrgos nigripes	2537483	
3359641	Russula crustosa Peck, 1887	3359641	Russula crustosa Peck, 1887	2	SPECIES	ACCEPTED	Fungi	5	Basidiomycota	34	Agaricomycetes	186	Russulales	1144	Russulaceae	7609	Russula	2551169	Russula crustosa	3359641	
5520254	Dictyophora indusiata f. lutea (Liou & L.Hwang) Kobayasi	8055182	Phallus luteus (Liou & L.Hwang) T.Kasuya	4	FORM	SYNONYM	Fungi	5	Basidiomycota	34	Agaricomycetes	186	Phallales	532	Phallaceae	3292	Phallus	2524102	Phallus luteus	8055182	
2533347	Stropharia rugosoannulata Farl. ex Murrill	2533347	Stropharia rugosoannulata Farl. ex Murrill	5	SPECIES	ACCEPTED	Fungi	5	Basidiomycota	34	Agaricomycetes	186	Agaricales	1499	Strophariaceae	4186	Stropharia	11159309	Stropharia rugosoannulata	2533347	
5241259	Pluteus leoninus (Schaeff.) P.Kumm.	5241259	Pluteus leoninus (Schaeff.) P.Kumm.	4	SPECIES	ACCEPTED	Fungi	5	Basidiomycota	34	Agaricomycetes	186	Agaricales	1499	Pluteaceae	8447	Pluteus	2526826	Pluteus leoninus	5241259	
8697118	Lysurus mokusin (L.) Fr.	8697118	Lysurus mokusin (L.) Fr.	3	SPECIES	ACCEPTED	Fungi	5	Basidiomycota	34	Agaricomycetes	186	Phallales	532	Phallaceae	3292	Lysurus	2524086	Lysurus mokusin	8697118	
2534290	Pholiota nameko (T.Itô) S.Ito & S.Imai	2534290	Pholiota nameko (T.Itô) S.Ito & S.Imai	3	SPECIES	ACCEPTED	Fungi	5	Basidiomycota	34	Agaricomycetes	186	Agaricales	1499	Strophariaceae	4186	Pholiota	2528397	Pholiota nameko	2534290	
3354497	Austroboletus fusisporus (Kawam. ex Imazeki & Hongo) Wolfe	3354497	Austroboletus fusisporus (Kawam. ex Imazeki & Hongo) Wolfe	1	SPECIES	ACCEPTED	Fungi	5	Basidiomycota	34	Agaricomycetes	186	Boletales	1063	Boletaceae	8789	Austroboletus	2519222	Austroboletus fusisporus	3354497	
3328320	Amanita citrina Pers.	3328320	Amanita citrina Pers.	4	SPECIES	ACCEPTED	Fungi	5	Basidiomycota	34	Agaricomycetes	186	Agaricales	1499	Amanitaceae	4171	Amanita	6005964	Amanita citrina	3328320	
5954691	Boletus reticulatus Schaeff.	5954691	Boletus reticulatus Schaeff.	4	SPECIES	ACCEPTED	Fungi	5	Basidiomycota	34	Agaricomycetes	186	Boletales	1063	Boletaceae	8789	Boletus	8287374	Boletus reticulatus	5954691	LC
9186214	Lactarius subdulcis (Pers.) Gray	9186214	Lactarius subdulcis (Pers.) Gray	1	SPECIES	ACCEPTED	Fungi	5	Basidiomycota	34	Agaricomycetes	186	Russulales	1144	Russulaceae	7609	Lactarius	2532156	Lactarius subdulcis	9186214	
2534388	Coprinus atramentarius (Bull.) Fr.	5242740	Coprinopsis atramentaria (Bull.) Redhead, Vilgalys & Moncalvo	5	SPECIES	SYNONYM	Fungi	5	Basidiomycota	34	Agaricomycetes	186	Agaricales	1499	Psathyrellaceae	4184	Coprinopsis	2534316	Coprinopsis atramentaria	5242740	
2554367	Geastrum triplex Jungh.	2554367	Geastrum triplex Jungh.	6	SPECIES	ACCEPTED	Fungi	5	Basidiomycota	34	Agaricomycetes	186	Geastrales	1064	Geastraceae	4199	Geastrum	2525056	Geastrum triplex	2554367	
2533422	Naematoloma sublateritium (Fr.) P.Karst.	2533424	Hypholoma lateritium (Schaeff.) P.Kumm.	5	SPECIES	SYNONYM	Fungi	5	Basidiomycota	34	Agaricomycetes	186	Agaricales	1499	Strophariaceae	4186	Hypholoma	2533397	Hypholoma lateritium	2533424	
4911751	Mycena epipterygia (Scop.) Gray	4911751	Mycena epipterygia (Scop.) Gray	3	SPECIES	ACCEPTED	Fungi	5	Basidiomycota	34	Agaricomycetes	186	Agaricales	1499	Mycenaceae	4180	Mycena	5955261	Mycena epipterygia	4911751	
2545670	Daedaleopsis confragosa (Bolton) J.Schröt.	2545670	Daedaleopsis confragosa (Bolton) J.Schröt.	3	SPECIES	ACCEPTED	Fungi	5	Basidiomycota	34	Agaricomycetes	186	Polyporales	1145	Polyporaceae	3286	Daedaleopsis	2542672	Daedaleopsis confragosa	2545670	
5238871	Sarcodon scabrosus (Fr.) P.Karst.	5238871	Sarcodon scabrosus (Fr.) P.Karst.	3	SPECIES	ACCEPTED	Fungi	5	Basidiomycota	34	Agaricomycetes	186	Thelephorales	530	Bankeraceae	7608	Sarcodon	2521435	Sarcodon scabrosus	5238871	
5248892	Polyporus confluens (Alb. & Schwein.) Fr.	2551806	Albatrellus confluens (Alb. & Schwein.) Kotl. & Pouzar	3	SPECIES	SYNONYM	Fungi	5	Basidiomycota	34	Agaricomycetes	186	Russulales	1144	Albatrellaceae	7614	Albatrellus	2551762	Albatrellus confluens	2551806	LC
2522907	Thelephora palmata (Scop.) Fr.	2522907	Thelephora palmata (Scop.) Fr.	2	SPECIES	ACCEPTED	Fungi	5	Basidiomycota	34	Agaricomycetes	186	Thelephorales	530	Thelephoraceae	3277	Thelephora	2513794	Thelephora palmata	2522907	
5240306	Amanita vaginata (Bull.) Lam.	5240306	Amanita vaginata (Bull.) Lam.	1	SPECIES	ACCEPTED	Fungi	5	Basidiomycota	34	Agaricomycetes	186	Agaricales	1499	Amanitaceae	4171	Amanita	6005964	Amanita vaginata	5240306	
2551423	Russula virescens (Schaeff.) Fr.	2551423	Russula virescens (Schaeff.) Fr.	4	SPECIES	ACCEPTED	Fungi	5	Basidiomycota	34	Agaricomycetes	186	Russulales	1144	Russulaceae	7609	Russula	2551169	Russula virescens	2551423	
5463067	Lactarius laeticolor (S.Imai) Imazeki ex Hongo	5248629	Lactarius deliciosus (L.) Gray	2	SPECIES	SYNONYM	Fungi	5	Basidiomycota	34	Agaricomycetes	186	Russulales	1144	Russulaceae	7609	Lactarius	2532156	Lactarius deliciosus	5248629	
5241845	Tricholoma ustale (Fr.) P.Kumm.	5241845	Tricholoma ustale (Fr.) P.Kumm.	3	SPECIES	ACCEPTED	Fungi	5	Basidiomycota	34	Agaricomycetes	186	Agaricales	1499	Tricholomataceae	8787	Tricholoma	2527766	Tricholoma ustale	5241845	
7242467	Lanopila	7242467	Lanopila	1	GENUS	ACCEPTED	Fungi	5	Basidiomycota	34	Agaricomycetes	186	Agaricales	1499	Agaricaceae	4170	Lanopila	7242467			
8813286	Lactarius camphoratus (Bull.) Fr.	8813286	Lactarius camphoratus (Bull.) Fr.	3	SPECIES	ACCEPTED	Fungi	5	Basidiomycota	34	Agaricomycetes	186	Russulales	1144	Russulaceae	7609	Lactarius	2532156	Lactarius camphoratus	8813286	
5954975	Boletus pulverulentus Opat.	8140531	Cyanoboletus pulverulentus (Opat.) Gelardi, Vizzini & Simonini	1	SPECIES	SYNONYM	Fungi	5	Basidiomycota	34	Agaricomycetes	186	Boletales	1063	Boletaceae	8789	Cyanoboletus	7559171	Cyanoboletus pulverulentus	8140531	
2524996	Chroogomphus rutilus (Schaeff.) O.K.Mill.	2524996	Chroogomphus rutilus (Schaeff.) O.K.Mill.	4	SPECIES	ACCEPTED	Fungi	5	Basidiomycota	34	Agaricomycetes	186	Boletales	1063	Gomphidiaceae	4192	Chroogomphus	2524961	Chroogomphus rutilus	2524996	
2522872	Thelephora multipartita Schwein.	2522872	Thelephora multipartita Schwein.	1	SPECIES	ACCEPTED	Fungi	5	Basidiomycota	34	Agaricomycetes	186	Thelephorales	530	Thelephoraceae	3277	Thelephora	2513794	Thelephora multipartita	2522872	
5241729	Tricholoma sejunctum (Sowerby) Quél.	5241729	Tricholoma sejunctum (Sowerby) Quél.	2	SPECIES	ACCEPTED	Fungi	5	Basidiomycota	34	Agaricomycetes	186	Agaricales	1499	Tricholomataceae	8787	Tricholoma	2527766	Tricholoma sejunctum	5241729	
9158775	Armillariella tabescens (Scop.) Singer	9713443	Desarmillaria tabescens (Scop.) R.A.Koch & Aime	5	SPECIES	SYNONYM	Fungi	5	Basidiomycota	34	Agaricomycetes	186	Agaricales	1499	Physalacriaceae	4182	Desarmillaria	9726177	Desarmillaria tabescens	9713443	
5249621	Cantharellus cornucopioides (L.) Fr.	2554662	Craterellus cornucopioides (L.) Pers.	4	SPECIES	SYNONYM	Fungi	5	Basidiomycota	34	Agaricomycetes	186	Cantharellales	1300	Cantharellaceae	8457	Craterellus	2521421	Craterellus cornucopioides	2554662	
2537591	Collybia dryophila (Bull.) P.Kumm.	5243756	Gymnopus dryophilus (Bull.) Murrill	5	SPECIES	SYNONYM	Fungi	5	Basidiomycota	34	Agaricomycetes	186	Agaricales	1499	Omphalotaceae	3305518	Gymnopus	2527767	Gymnopus dryophilus	5243756	
2520862	Phellinus igniarius (L.) Quél.	2520862	Phellinus igniarius (L.) Quél.	3	SPECIES	ACCEPTED	Fungi	5	Basidiomycota	34	Agaricomycetes	186	Hymenochaetales	1304	Hymenochaetaceae	8468	Phellinus	2520108	Phellinus igniarius	2520862	
8997022	Agrocybe praecox (Pers.) Fayod	8997022	Agrocybe praecox (Pers.) Fayod	3	SPECIES	ACCEPTED	Fungi	5	Basidiomycota	34	Agaricomycetes	186	Agaricales	1499	Strophariaceae	4186	Agrocybe	2527828	Agrocybe praecox	8997022	
3331322	Inocybe sphaerospora Kobayasi	3331322	Inocybe sphaerospora Kobayasi	1	SPECIES	ACCEPTED	Fungi	5	Basidiomycota	34	Agaricomycetes	186	Agaricales	1499	Inocybaceae	4177	Inocybe	2527866	Inocybe sphaerospora	3331322	
8068867	Fomes fomentarius (L.) Fr.	8068867	Fomes fomentarius (L.) Fr.	4	SPECIES	ACCEPTED	Fungi	5	Basidiomycota	34	Agaricomycetes	186	Polyporales	1145	Polyporaceae	3286	Fomes	2518074	Fomes fomentarius	8068867	
2539879	Rhodophyllus rhodopolius (Fr.) Quél.	2539657	Entoloma rhodopolium (Fr.) P.Kumm.	4	SPECIES	SYNONYM	Fungi	5	Basidiomycota	34	Agaricomycetes	186	Agaricales	1499	Entolomataceae	4174	Entoloma	2530002	Entoloma rhodopolium	2539657	
2526838	Mycena crocata (Schrad.) P.Kumm.	2526838	Mycena crocata (Schrad.) P.Kumm.	2	SPECIES	ACCEPTED	Fungi	5	Basidiomycota	34	Agaricomycetes	186	Agaricales	1499	Mycenaceae	4180	Mycena	5955261	Mycena crocata	2526838	
5452620	Amanita spissacea S.Imai	5452620	Amanita spissacea S.Imai	3	SPECIES	ACCEPTED	Fungi	5	Basidiomycota	34	Agaricomycetes	186	Agaricales	1499	Amanitaceae	4171	Amanita	6005964	Amanita spissacea	5452620	
7244220	Rhodophyllus Quél., 1886	7244220	Rhodophyllus Quél., 1886	4	GENUS	ACCEPTED	Fungi	5	Basidiomycota	34	Agaricomycetes	186	Agaricales	1499	Entolomataceae	4174	Rhodophyllus	7244220			
5466645	Polyporus dispansus Lloyd	7890605	Polypus dispansus (Lloyd) Audet	2	SPECIES	SYNONYM	Fungi	5	Basidiomycota	34	Agaricomycetes	186	Russulales	1144			Polypus	8119610	Polypus dispansus	7890605	
2551173	Russula aeruginea Lindblad ex Fr.	2551173	Russula aeruginea Lindblad ex Fr.	2	SPECIES	ACCEPTED	Fungi	5	Basidiomycota	34	Agaricomycetes	186	Russulales	1144	Russulaceae	7609	Russula	2551169	Russula aeruginea	2551173	LC
5247213	Trichaptum fuscoviolaceum (Ehrenb.) Ryvarden	5247213	Trichaptum fuscoviolaceum (Ehrenb.) Ryvarden	4	SPECIES	ACCEPTED	Fungi	5	Basidiomycota	34	Agaricomycetes	186	Hymenochaetales	1304			Trichaptum	2519062	Trichaptum fuscoviolaceum	5247213	
9118025	Panellus stipticus (Bull.) P.Karst.	9118025	Panellus stipticus (Bull.) P.Karst.	9	SPECIES	ACCEPTED	Fungi	5	Basidiomycota	34	Agaricomycetes	186	Agaricales	1499	Mycenaceae	4180	Panellus	2526673	Panellus stipticus	9118025	
2547021	Polyporellus varius (Pers.) P.Karst.	9400640	Cerioporus varius (Pers.) Zmitr. & Kovalenko	3	SPECIES	SYNONYM	Fungi	5	Basidiomycota	34	Agaricomycetes	186	Polyporales	1145	Polyporaceae	3286	Cerioporus	7240748	Cerioporus varius	9400640	
9367003	Lycoperdon P.Micheli, 1729	9367003	Lycoperdon P.Micheli, 1729	1	GENUS	ACCEPTED	Fungi	5	Basidiomycota	34	Agaricomycetes	186	Agaricales	1499	Agaricaceae	4170	Lycoperdon	9367003			
2553215	Stereum princeps (Jungh.) Lév.	2553214	Xylobolus princeps (Jungh.) Boidin	2	SPECIES	SYNONYM	Fungi	5	Basidiomycota	34	Agaricomycetes	186	Russulales	1144	Stereaceae	3279	Xylobolus	2552368	Xylobolus princeps	2553214	
5954906	Boletus aereus	5954906	Boletus aereus	2	SPECIES	ACCEPTED	Fungi	5	Basidiomycota	34	Agaricomycetes	186	Boletales	1063	Boletaceae	8789	Boletus	8287374	Boletus aereus	5954906	
2526530	Pleurotus ostreatus (Jacq.) P.Kumm.	2526530	Pleurotus ostreatus (Jacq.) P.Kumm.	5	SPECIES	ACCEPTED	Fungi	5	Basidiomycota	34	Agaricomycetes	186	Agaricales	1499	Pleurotaceae	4183	Pleurotus	2518610	Pleurotus ostreatus	2526530	
3323451	Bolbitius variicolor G.F.Atk.	9127230	Bolbitius titubans (Bull.) Fr.	2	SPECIES	SYNONYM	Fungi	5	Basidiomycota	34	Agaricomycetes	186	Agaricales	1499	Bolbitiaceae	8440	Bolbitius	2529626	Bolbitius titubans	9127230	
5237406	Tremella foliacea Pers.	9645698	Phaeotremella foliacea (Pers.) Wedin, J.C.Zamora & Millanes	3	SPECIES	SYNONYM	Fungi	5	Basidiomycota	34	Tremellomycetes	149	Tremellales	1123	Tremellaceae	3827	Phaeotremella	2518397	Phaeotremella foliacea	9645698	
7601434	Boletus erythropus Krombh.	7601434	Boletus erythropus Krombh.	4	SPECIES	ACCEPTED	Fungi	5	Basidiomycota	34	Agaricomycetes	186	Boletales	1063	Boletaceae	8789	Boletus	8287374	Boletus erythropus	7601434	
5239473	Mutinus caninus (Huds.) Fr.	5239473	Mutinus caninus (Huds.) Fr.	6	SPECIES	ACCEPTED	Fungi	5	Basidiomycota	34	Agaricomycetes	186	Phallales	532	Phallaceae	3292	Mutinus	2523984	Mutinus caninus	5239473	
5453034	Crepidotus sulphurinus Imazeki & Toki	5453034	Crepidotus sulphurinus Imazeki & Toki	4	SPECIES	ACCEPTED	Fungi	5	Basidiomycota	34	Agaricomycetes	186	Agaricales	1499	Inocybaceae	4177	Crepidotus	2526680	Crepidotus sulphurinus	5453034	
2512969	Calocera cornea (Batsch) Fr.	2512969	Calocera cornea (Batsch) Fr.	4	SPECIES	ACCEPTED	Fungi	5	Basidiomycota	34	Dacrymycetes	273	Dacrymycetales	1138	Dacrymycetaceae	7605	Calocera	2512968	Calocera cornea	2512969	
2547627	Daedaleopsis styracina (Henn. & Shirai) Imazeki	5247349	Lenzites styracinus (Henn. & Shirai) Lloyd	3	SPECIES	SYNONYM	Fungi	5	Basidiomycota	34	Agaricomycetes	186	Polyporales	1145	Polyporaceae	3286	Lenzites	2519064	Lenzites styracinus	5247349	
7549831	Agrocybe erebia (Fr.) Kühner	8191641	Cyclocybe erebia (Fr.) Vizzini & Matheny	3	SPECIES	SYNONYM	Fungi	5	Basidiomycota	34	Agaricomycetes	186	Agaricales	1499	Strophariaceae	4186	Cyclocybe	7243095	Cyclocybe erebia	8191641	
2519602	Hymenochaete yasudai Imazeki	10834754	Hydnoporia yasudae (Imazeki) Spirin & Miettinen	2	SPECIES	SYNONYM	Fungi	5	Basidiomycota	34	Agaricomycetes	186	Hymenochaetales	1304	Hymenochaetaceae	8468	Hydnoporia	2519233	Hydnoporia yasudae	10834754	
2532103	Clitocybe geotropa (Bull.) Quél.	9186073	Infundibulicybe geotropa (Bull.) Harmaja	3	SPECIES	SYNONYM	Fungi	5	Basidiomycota	34	Agaricomycetes	186	Agaricales	1499	Tricholomataceae	8787	Infundibulicybe	2532098	Infundibulicybe geotropa	9186073	
5954952	Boletus rubellus Krombh.	8060178	Hortiboletus rubellus (Krombh.) Simonini, Vizzini & Gelardi	4	SPECIES	SYNONYM	Fungi	5	Basidiomycota	34	Agaricomycetes	186	Boletales	1063	Boletaceae	8789	Hortiboletus	7778366	Hortiboletus rubellus	8060178	
2533677	Gymnopilus spectabilis (Fr.) Singer	2533677	Gymnopilus spectabilis (Fr.) Singer	5	SPECIES	ACCEPTED	Fungi	5	Basidiomycota	34	Agaricomycetes	186	Agaricales	1499	Hymenogastraceae	3309302	Gymnopilus	2527854	Gymnopilus spectabilis	2533677	
5243804	Oudemansiella platyphylla (Pers.) M.M.Moser	2537689	Megacollybia platyphylla (Pers.) Kotl. & Pouzar	3	SPECIES	SYNONYM	Fungi	5	Basidiomycota	34	Agaricomycetes	186	Agaricales	1499	Marasmiaceae	4179	Megacollybia	2537688	Megacollybia platyphylla	2537689	
7777157	Suillus luteus (L.) Roussel	7777157	Suillus luteus (L.) Roussel	5	SPECIES	ACCEPTED	Fungi	5	Basidiomycota	34	Agaricomycetes	186	Boletales	1063	Suillaceae	8455	Suillus	7414997	Suillus luteus	7777157	LC
2542162	Laetiporus sulphureus var. miniatus (P.Karst.) Imazeki	2542161	Laetiporus miniatus (P.Karst.) Overeem	5	VARIETY	SYNONYM	Fungi	5	Basidiomycota	34	Agaricomycetes	186	Polyporales	1145	Fomitopsidaceae	7619	Laetiporus	2542160	Laetiporus miniatus	2542161	
2533962	Kuehneromyces mutabilis (Schaeff.) Singer & A.H.Sm.	2533962	Kuehneromyces mutabilis (Schaeff.) Singer & A.H.Sm.	5	SPECIES	ACCEPTED	Fungi	5	Basidiomycota	34	Agaricomycetes	186	Agaricales	1499	Strophariaceae	4186	Kuehneromyces	2533959	Kuehneromyces mutabilis	2533962	LC
5239977	Scleroderma bovista Fr.	5239977	Scleroderma bovista Fr.	2	SPECIES	ACCEPTED	Fungi	5	Basidiomycota	34	Agaricomycetes	186	Boletales	1063	Sclerodermataceae	8453	Scleroderma	2524936	Scleroderma bovista	5239977	
2524863	Boletellus emodensis (Berk.) Singer	2524863	Boletellus emodensis (Berk.) Singer	2	SPECIES	ACCEPTED	Fungi	5	Basidiomycota	34	Agaricomycetes	186	Boletales	1063	Boletaceae	8789	Boletellus	2519877	Boletellus emodensis	2524863	
2595014	Pachyella clypeata (Schwein.) Le Gal	2595014	Pachyella clypeata (Schwein.) Le Gal	1	SPECIES	ACCEPTED	Fungi	5	Ascomycota	95	Pezizomycetes	316	Pezizales	1057	Pezizaceae	8399	Pachyella	2595013	Pachyella clypeata	2595014	
2594602	Morchella esculenta (L.) Pers.	2594602	Morchella esculenta (L.) Pers.	5	SPECIES	ACCEPTED	Fungi	5	Ascomycota	95	Pezizomycetes	316	Pezizales	1057	Morchellaceae	8398	Morchella	2594601	Morchella esculenta	2594602	
5255491	Spathularia clavata (Schaeff.) Sacc.	5255490	Spathularia flavida Pers.	4	SPECIES	SYNONYM	Fungi	5	Ascomycota	95	Leotiomycetes	179	Rhytismatales	1278	Rhytismataceae	8281	Spathularia	2537017	Spathularia flavida	5255490	
2520395	Phellinus ferruginosus (Schrad.) Pat.	2520410	Fuscoporia ferruginosa (Schrad.) Murrill	2	SPECIES	SYNONYM	Fungi	5	Basidiomycota	34	Agaricomycetes	186	Hymenochaetales	1304	Hymenochaetaceae	8468	Fuscoporia	2521283	Fuscoporia ferruginosa	2520410	
5249549	Cantharellus infundibuliformis (Scop.) Fr.	2554536	Craterellus tubaeformis (Fr.) Quél.	2	SPECIES	SYNONYM	Fungi	5	Basidiomycota	34	Agaricomycetes	186	Cantharellales	1300	Cantharellaceae	8457	Craterellus	2521421	Craterellus tubaeformis	2554536	
6005964	Amanita Dill. ex Boehm., 1760	6005964	Amanita Dill. ex Boehm., 1760	1	GENUS	ACCEPTED	Fungi	5	Basidiomycota	34	Agaricomycetes	186	Agaricales	1499	Amanitaceae	4171	Amanita	6005964			
7567077	Cordyceps militaris (L.) Fr.	7567077	Cordyceps militaris (L.) Fr.	5	SPECIES	ACCEPTED	Fungi	5	Ascomycota	95	Sordariomycetes	320	Hypocreales	1290	Cordycipitaceae	8418	Cordyceps	2560661	Cordyceps militaris	7567077	
5450587	Tricholoma muscarium Kawam. ex Hongo	5450587	Tricholoma muscarium Kawam. ex Hongo	3	SPECIES	ACCEPTED	Fungi	5	Basidiomycota	34	Agaricomycetes	186	Agaricales	1499	Tricholomataceae	8787	Tricholoma	2527766	Tricholoma muscarium	5450587	
9072021	Laetiporus sulphureus (Bull.) Murrill	9072021	Laetiporus sulphureus (Bull.) Murrill	5	SPECIES	ACCEPTED	Fungi	5	Basidiomycota	34	Agaricomycetes	186	Polyporales	1145	Fomitopsidaceae	7619	Laetiporus	2542160	Laetiporus sulphureus	9072021	
2538631	Hygrocybe flavescens (Kauffman) Singer	2538631	Hygrocybe flavescens (Kauffman) Singer	2	SPECIES	ACCEPTED	Fungi	5	Basidiomycota	34	Agaricomycetes	186	Agaricales	1499	Hygrophoraceae	4176	Hygrocybe	2523318	Hygrocybe flavescens	2538631	
5249271	Auricularia auricula-judae (Bull.) Quél.	5249271	Auricularia auricula-judae (Bull.) Quél.	4	SPECIES	ACCEPTED	Fungi	5	Basidiomycota	34	Agaricomycetes	186	Auriculariales	1062	Auriculariaceae	8788	Auricularia	7984308	Auricularia auricula-judae	5249271	
5239613	Boletus ornatipes Peck	2524455	Retiboletus ornatipes (Peck) Manfr.Binder & Bresinsky	2	SPECIES	SYNONYM	Fungi	5	Basidiomycota	34	Agaricomycetes	186	Boletales	1063	Boletaceae	8789	Retiboletus	2524444	Retiboletus ornatipes	2524455	
2520013	Hymenochaete tabacina (Sowerby) Lév.	9355697	Hymenochaetopsis tabacina (Sowerby) S.H.He & Jiao Yang	1	SPECIES	SYNONYM	Fungi	5	Basidiomycota	34	Agaricomycetes	186	Hymenochaetales	1304	Hymenochaetaceae	8468	Hymenochaetopsis	9606178	Hymenochaetopsis tabacina	9355697	
7444343	Sarcoscypha coccinea (Gray) Boud.	7444343	Sarcoscypha coccinea (Gray) Boud.	3	SPECIES	ACCEPTED	Fungi	5	Ascomycota	95	Pezizomycetes	316	Pezizales	1057	Sarcoscyphaceae	8400	Sarcoscypha	2581823	Sarcoscypha coccinea	7444343	
4911185	Hydnellum concrescens	4911185	Hydnellum concrescens	3	SPECIES	ACCEPTED	Fungi	5	Basidiomycota	34	Agaricomycetes	186	Thelephorales	530	Bankeraceae	7608	Hydnellum	2522201	Hydnellum concrescens	4911185	
8195053	Lycoperdon mammaeforme Pers.	5243221	Lycoperdon mammiforme Pers.	3	SPECIES	SYNONYM	Fungi	5	Basidiomycota	34	Agaricomycetes	186	Agaricales	1499	Agaricaceae	4170	Lycoperdon	9367003	Lycoperdon mammiforme	5243221	
2520104	Leccinum Gray, 1821	2520104	Leccinum Gray, 1821	3	GENUS	ACCEPTED	Fungi	5	Basidiomycota	34	Agaricomycetes	186	Boletales	1063	Boletaceae	8789	Leccinum	2520104			
5243212	Lycoperdon foetidum Bonord.	5243210	Lycoperdon nigrescens Pers.	1	SPECIES	SYNONYM	Fungi	5	Basidiomycota	34	Agaricomycetes	186	Agaricales	1499	Agaricaceae	4170	Lycoperdon	9367003	Lycoperdon nigrescens	5243210	
2529831	Conocybe lactea (J.E.Lange) Métrod	2529827	Conocybe apala (Fr.) Arnolds	6	SPECIES	SYNONYM	Fungi	5	Basidiomycota	34	Agaricomycetes	186	Agaricales	1499	Bolbitiaceae	8440	Conocybe	2529714	Conocybe apala	2529827	
2536021	Macrolepiota neomastoidea (Hongo) Hongo	5955381	Chlorophyllum neomastoideum (Hongo) Vellinga	2	SPECIES	SYNONYM	Fungi	5	Basidiomycota	34	Agaricomycetes	186	Agaricales	1499	Agaricaceae	4170	Chlorophyllum	3268912	Chlorophyllum neomastoideum	5955381	
2549730	Ganoderma lucidum (Curtis) P.Karst.	2549730	Ganoderma lucidum (Curtis) P.Karst.	6	SPECIES	ACCEPTED	Fungi	5	Basidiomycota	34	Agaricomycetes	186	Polyporales	1145	Ganodermataceae	3290	Ganoderma	2519220	Ganoderma lucidum	2549730	
5240219	Amanita solitaria (Bull.) Fr.	7242066	Aspidella solitaria (Bull.) E.-J.Gilbert	1	SPECIES	SYNONYM	Fungi	5	Basidiomycota	34	Agaricomycetes	186	Agaricales	1499	Amanitaceae	4171	Aspidella	8182649	Aspidella solitaria	7242066	
2531144	Clitocybe gibba (Pers.) P.Kumm.	2531146	Infundibulicybe gibba (Pers.) Harmaja	5	SPECIES	SYNONYM	Fungi	5	Basidiomycota	34	Agaricomycetes	186	Agaricales	1499	Tricholomataceae	8787	Infundibulicybe	2532098	Infundibulicybe gibba	2531146	
5241808	Tricholoma terreum (Schaeff.) P.Kumm.	5241808	Tricholoma terreum (Schaeff.) P.Kumm.	2	SPECIES	ACCEPTED	Fungi	5	Basidiomycota	34	Agaricomycetes	186	Agaricales	1499	Tricholomataceae	8787	Tricholoma	2527766	Tricholoma terreum	5241808	
9225326	Strobilomyces strobilaceus (Scop.) Berk.	9225326	Strobilomyces strobilaceus (Scop.) Berk.	3	SPECIES	ACCEPTED	Fungi	5	Basidiomycota	34	Agaricomycetes	186	Boletales	1063	Boletaceae	8789	Strobilomyces	2524323	Strobilomyces strobilaceus	9225326	
3356259	Strobilomyces confusus Singer	3356259	Strobilomyces confusus Singer	2	SPECIES	ACCEPTED	Fungi	5	Basidiomycota	34	Agaricomycetes	186	Boletales	1063	Boletaceae	8789	Strobilomyces	2524323	Strobilomyces confusus	3356259	
2535842	Leucocoprinus bresadolae (Schulzer) Wasser	2535839	Leucoagaricus americanus (Peck) Vellinga	2	SPECIES	SYNONYM	Fungi	5	Basidiomycota	34	Agaricomycetes	186	Agaricales	1499	Agaricaceae	4170	Leucoagaricus	2529999	Leucoagaricus americanus	2535839	
2524265	Gyroporus cyanescens (Bull.) Quél.	2524265	Gyroporus cyanescens (Bull.) Quél.	1	SPECIES	ACCEPTED	Fungi	5	Basidiomycota	34	Agaricomycetes	186	Boletales	1063	Gyroporaceae	4193	Gyroporus	2524262	Gyroporus cyanescens	2524265	
2538524	Hygrocybe conica (Schaeff.) P.Kumm.	2538524	Hygrocybe conica (Schaeff.) P.Kumm.	4	SPECIES	ACCEPTED	Fungi	5	Basidiomycota	34	Agaricomycetes	186	Agaricales	1499	Hygrophoraceae	4176	Hygrocybe	2523318	Hygrocybe conica	2538524	
2538871	Clitocybe clavipes (Pers.) P.Kumm.	2538864	Ampulloclitocybe clavipes (Pers.) Redhead, Lutzoni, Moncalvo & Vilgalys	2	SPECIES	SYNONYM	Fungi	5	Basidiomycota	34	Agaricomycetes	186	Agaricales	1499	Hygrophoraceae	4176	Ampulloclitocybe	2538863	Ampulloclitocybe clavipes	2538864	
8013368	Peziza repanda Wahlenb.	8013368	Peziza repanda Wahlenb.	2	SPECIES	ACCEPTED	Fungi	5	Ascomycota	95	Pezizomycetes	316	Pezizales	1057	Pezizaceae	8399	Peziza	8766080	Peziza repanda	8013368	
8956209	Xylaria polymorpha (Pers.) Grev.	8956209	Xylaria polymorpha (Pers.) Grev.	4	SPECIES	ACCEPTED	Fungi	5	Ascomycota	95	Sordariomycetes	320	Xylariales	1298	Xylariaceae	4168	Xylaria	2568748	Xylaria polymorpha	8956209	
9319774	Russula flavida Frost ex Peck	9319774	Russula flavida Frost ex Peck	5	SPECIES	ACCEPTED	Fungi	5	Basidiomycota	34	Agaricomycetes	186	Russulales	1144	Russulaceae	7609	Russula	2551169	Russula flavida	9319774	
2526740	Panaeolus subbalteatus (Berk. & Broome) Sacc.	2526740	Panaeolus subbalteatus (Berk. & Broome) Sacc.	3	SPECIES	ACCEPTED	Fungi	5	Basidiomycota	34	Agaricomycetes	186	Agaricales	1499	Bolbitiaceae	8440	Panaeolus	2524401	Panaeolus subbalteatus	2526740	
5251836	Nectria cinnabarina (Tode) Fr.	5251836	Nectria cinnabarina (Tode) Fr.	1	SPECIES	ACCEPTED	Fungi	5	Ascomycota	95	Sordariomycetes	320	Hypocreales	1290	Nectriaceae	4152	Nectria	2560952	Nectria cinnabarina	5251836	
5243647	Oudemansiella mucida (Schrad.) Höhn.	2537081	Mucidula mucida (Schrad.) Pat.	5	SPECIES	SYNONYM	Fungi	5	Basidiomycota	34	Agaricomycetes	186	Agaricales	1499	Physalacriaceae	4182	Mucidula	7243452	Mucidula mucida	2537081	
2522137	Phellodon melaleucus (Sw. ex Fr.) P.Karst.	2522137	Phellodon melaleucus (Sw. ex Fr.) P.Karst.	1	SPECIES	ACCEPTED	Fungi	5	Basidiomycota	34	Agaricomycetes	186	Thelephorales	530	Bankeraceae	7608	Phellodon	2522127	Phellodon melaleucus	2522137	
5249564	Cantharellus minor Peck	5249564	Cantharellus minor Peck	4	SPECIES	ACCEPTED	Fungi	5	Basidiomycota	34	Agaricomycetes	186	Cantharellales	1300	Cantharellaceae	8457	Cantharellus	9623860	Cantharellus minor	5249564	
2543259	Trametes dickinsii Berk. ex Cooke	2543258	Daedalea dickinsii Yasuda	3	SPECIES	SYNONYM	Fungi	5	Basidiomycota	34	Agaricomycetes	186	Polyporales	1145	Fomitopsidaceae	7619	Daedalea	2513778	Daedalea dickinsii	2543258	
2543794	Stereopsis burtiana (Peck) D.A.Reid	2543794	Stereopsis burtiana (Peck) D.A.Reid	2	SPECIES	ACCEPTED	Fungi	5	Basidiomycota	34	Agaricomycetes	186	Stereopsidales	9799109	Stereopsidaceae	7717211	Stereopsis	9756029	Stereopsis burtiana	2543794	
3495840	Galiella celebica (Henn.) Nannf.	8402527	Trichaleurina celebica (Henn.) M.Carbone, Agnello & P.Alvarado	1	SPECIES	SYNONYM	Fungi	5	Ascomycota	95	Pezizomycetes	316	Pezizales	1057	Pyronemataceae	4131	Trichaleurina	8076873	Trichaleurina celebica	8402527	
2537250	Marasmius oreades (Bolton) Fr.	2537250	Marasmius oreades (Bolton) Fr.	2	SPECIES	ACCEPTED	Fungi	5	Basidiomycota	34	Agaricomycetes	186	Agaricales	1499	Marasmiaceae	4179	Marasmius	2526678	Marasmius oreades	2537250	
5240325	Amanita phalloides (Vaill. ex Fr.) Link	5240325	Amanita phalloides (Vaill. ex Fr.) Link	3	SPECIES	ACCEPTED	Fungi	5	Basidiomycota	34	Agaricomycetes	186	Agaricales	1499	Amanitaceae	4171	Amanita	6005964	Amanita phalloides	5240325	
5243524	Cystoderma fallax A.H.Sm. & Singer	5243524	Cystoderma fallax A.H.Sm. & Singer	1	SPECIES	ACCEPTED	Fungi	5	Basidiomycota	34	Agaricomycetes	186	Agaricales	1499	Agaricaceae	4170	Cystoderma	7451789	Cystoderma fallax	5243524	
3354660	Tylopilus chromapes (Forst) Smith & Thiers	9744683	Harrya chromipes (Frost) Halling, Nuhn, Osmundson & Manfr.Binder	1	SPECIES	SYNONYM	Fungi	5	Basidiomycota	34	Agaricomycetes	186	Boletales	1063	Boletaceae	8789	Harrya	7758421	Harrya chromipes	9744683	
5452103	Amanita longistriata S.Imai	5452103	Amanita longistriata S.Imai	4	SPECIES	ACCEPTED	Fungi	5	Basidiomycota	34	Agaricomycetes	186	Agaricales	1499	Amanitaceae	4171	Amanita	6005964	Amanita longistriata	5452103	
2545177	Steccherinum ochraceum (Pers. ex J.F.Gmel.) Gray	2545177	Steccherinum ochraceum (Pers. ex J.F.Gmel.) Gray	3	SPECIES	ACCEPTED	Fungi	5	Basidiomycota	34	Agaricomycetes	186	Polyporales	1145	Meruliaceae	3287	Steccherinum	2518647	Steccherinum ochraceum	2545177	
2560551	Cordyceps sphecocephala (Klotzsch ex Berk.) Berk. & M.A.Curtis	2560547	Ophiocordyceps sphecocephala (Klotzsch ex Berk.) G.H.Sung, J.M.Sung, Hywel-Jones & Spatafora	2	SPECIES	SYNONYM	Fungi	5	Ascomycota	95	Sordariomycetes	320	Hypocreales	1290	Ophiocordycipitaceae	8421	Ophiocordyceps	2560546	Ophiocordyceps sphecocephala	2560547	
7240413	Boletus auripes Peck.	7240413	Boletus auripes Peck.	3	SPECIES	ACCEPTED	Fungi	5	Basidiomycota	34	Agaricomycetes	186	Boletales	1063	Boletaceae	8789	Boletus	8287374	Boletus auripes	7240413	
5239505	Dictyophora indusiata (Vent.) Desv.	2524108	Phallus indusiatus Vent.	3	SPECIES	SYNONYM	Fungi	5	Basidiomycota	34	Agaricomycetes	186	Phallales	532	Phallaceae	3292	Phallus	2524102	Phallus indusiatus	2524108	
2544343	Mycoacia copelandii (Pat.) Aoshima & H.Furuk.	2544338	Radulodon copelandii (Pat.) N.Maek.	4	SPECIES	SYNONYM	Fungi	5	Basidiomycota	34	Agaricomycetes	186	Polyporales	1145	Meruliaceae	3287	Radulodon	2541584	Radulodon copelandii	2544338	
3317061	Panaeolus papilionaceus (Bull.) Quél.	3317061	Panaeolus papilionaceus (Bull.) Quél.	2	SPECIES	ACCEPTED	Fungi	5	Basidiomycota	34	Agaricomycetes	186	Agaricales	1499	Bolbitiaceae	8440	Panaeolus	2524401	Panaeolus papilionaceus	3317061	
2585535	Arachnopeziza aurelia (Pers.) Fuckel	2585535	Arachnopeziza aurelia (Pers.) Fuckel	1	SPECIES	ACCEPTED	Fungi	5	Ascomycota	95	Leotiomycetes	179	Helotiales	1052	Arachnopezizaceae	8377363	Arachnopeziza	2580664	Arachnopeziza aurelia	2585535	
3451674	Cordyceps takaomontana Yakush. & Kumaz.	3451674	Cordyceps takaomontana Yakush. & Kumaz.	2	SPECIES	ACCEPTED	Fungi	5	Ascomycota	95	Sordariomycetes	320	Hypocreales	1290	Cordycipitaceae	8418	Cordyceps	2560661	Cordyceps takaomontana	3451674	
7873980	Polyporus alveolarius (DC.) Bondartsev & Singer	7873980	Polyporus alveolarius (DC.) Bondartsev & Singer	5	SPECIES	ACCEPTED	Fungi	5	Basidiomycota	34	Agaricomycetes	186	Polyporales	1145	Polyporaceae	3286	Polyporus	2518643	Polyporus alveolarius	7873980	
2537562	Collybia confluens (Pers.) P.Kumm.	9022347	Gymnopus confluens (Pers.) Antonín, Halling & Noordel.	5	SPECIES	SYNONYM	Fungi	5	Basidiomycota	34	Agaricomycetes	186	Agaricales	1499	Omphalotaceae	3305518	Gymnopus	2527767	Gymnopus confluens	9022347	
5954929	Boletus porosporus Imler ex G.Moreno & Bon	2519577	Xerocomellus porosporus (Imler ex Watling) Šutara	1	SPECIES	SYNONYM	Fungi	5	Basidiomycota	34	Agaricomycetes	186	Boletales	1063	Boletaceae	8789	Xerocomellus	7240529	Xerocomellus porosporus	2519577	
8974057	Macropodia macropus (Pers.) Fuckel	2594776	Helvella macropus (Pers.) P.Karst.	5	SPECIES	SYNONYM	Fungi	5	Ascomycota	95	Pezizomycetes	316	Pezizales	1057	Helvellaceae	7006	Helvella	2521377	Helvella macropus	2594776	
5238373	Clavaria ligula Schaeff.	2521387	Clavariadelphus ligula (Schaeff.) Donk	3	SPECIES	SYNONYM	Fungi	5	Basidiomycota	34	Agaricomycetes	186	Gomphales	1303	Clavariadelphaceae	8466	Clavariadelphus	2521383	Clavariadelphus ligula	2521387	
3322936	Marasmius siccus (Schwein.) Fr.	3322936	Marasmius siccus (Schwein.) Fr.	5	SPECIES	ACCEPTED	Fungi	5	Basidiomycota	34	Agaricomycetes	186	Agaricales	1499	Marasmiaceae	4179	Marasmius	2526678	Marasmius siccus	3322936	
3552995	Rhodophyllus violaceus (Murrill) Singer	7408140	Entoloma cyaneum Sacc.	2	SPECIES	SYNONYM	Fungi	5	Basidiomycota	34	Agaricomycetes	186	Agaricales	1499	Entolomataceae	4174	Entoloma	2530002	Entoloma cyaneum	7408140	
2521391	Clavariadelphus pistillaris (L.) Donk	2521391	Clavariadelphus pistillaris (L.) Donk	1	SPECIES	ACCEPTED	Fungi	5	Basidiomycota	34	Agaricomycetes	186	Gomphales	1303	Clavariadelphaceae	8466	Clavariadelphus	2521383	Clavariadelphus pistillaris	2521391	
2524490	Leccinum versipelle (Fr. & Hök) Snell	2524490	Leccinum versipelle (Fr. & Hök) Snell	2	SPECIES	ACCEPTED	Fungi	5	Basidiomycota	34	Agaricomycetes	186	Boletales	1063	Boletaceae	8789	Leccinum	2520104	Leccinum versipelle	2524490	
7988694	Boletus luridus Schaeff.	3355021	Suillellus luridus (Schaeff.) Murrill	2	SPECIES	SYNONYM	Fungi	5	Basidiomycota	34	Agaricomycetes	186	Boletales	1063	Boletaceae	8789	Suillellus	7240504	Suillellus luridus	3355021	
2525710	Hygrophoropsis aurantiaca (Wulfen) Maire	2525710	Hygrophoropsis aurantiaca (Wulfen) Maire	2	SPECIES	ACCEPTED	Fungi	5	Basidiomycota	34	Agaricomycetes	186	Boletales	1063	Hygrophoropsidaceae	4194	Hygrophoropsis	2525560	Hygrophoropsis aurantiaca	2525710	
3280670	Rhodophyllus clypeatus (L.) Quél.	3345846	Entoloma clypeatum (L.) P.Kumm.	1	SPECIES	SYNONYM	Fungi	5	Basidiomycota	34	Agaricomycetes	186	Agaricales	1499	Entolomataceae	4174	Entoloma	2530002	Entoloma clypeatum	3345846	
5237602	Odontia crustula L.W.Mill.	3360884	Xylodon brevisetus (P.Karst.) Hjortstam & Ryvarden	2	SPECIES	SYNONYM	Fungi	5	Basidiomycota	34	Agaricomycetes	186	Hymenochaetales	1304	Schizoporaceae	3298	Xylodon	2519089	Xylodon brevisetus	3360884	
3344252	Pholiota terrestris Overh.	3344252	Pholiota terrestris Overh.	2	SPECIES	ACCEPTED	Fungi	5	Basidiomycota	34	Agaricomycetes	186	Agaricales	1499	Strophariaceae	4186	Pholiota	2528397	Pholiota terrestris	3344252	
2542395	Fomitopsis pinicola (Sw.) P.Karst.	2542395	Fomitopsis pinicola (Sw.) P.Karst.	4	SPECIES	ACCEPTED	Fungi	5	Basidiomycota	34	Agaricomycetes	186	Polyporales	1145	Fomitopsidaceae	7619	Fomitopsis	2523631	Fomitopsis pinicola	2542395	
2536892	Armillariella mellea (Vahl) P.Karst.	2536891	Armillaria mellea (Vahl) P.Kumm.	6	SPECIES	SYNONYM	Fungi	5	Basidiomycota	34	Agaricomycetes	186	Agaricales	1499	Physalacriaceae	4182	Armillaria	2526021	Armillaria mellea	2536891	
7240220	Lactarius gerardii Peck	7240220	Lactarius gerardii Peck	3	SPECIES	ACCEPTED	Fungi	5	Basidiomycota	34	Agaricomycetes	186	Russulales	1144	Russulaceae	7609	Lactarius	2532156	Lactarius gerardii	7240220	
2584551	Chlorosplenium aeruginosum (Oeder) De Not.	5256939	Chlorociboria aeruginosa (Oeder) Seaver ex C.S.Ramamurthi, Korf & L.R.Batra	3	SPECIES	SYNONYM	Fungi	5	Ascomycota	95	Leotiomycetes	179	Helotiales	1052	Chlorociboriaceae	8157518	Chlorociboria	8034517	Chlorociboria aeruginosa	5256939	
2535598	Leucocoprinus birnbaumii (Corda) Singer	2535598	Leucocoprinus birnbaumii (Corda) Singer	1	SPECIES	ACCEPTED	Fungi	5	Basidiomycota	34	Agaricomycetes	186	Agaricales	1499	Agaricaceae	4170	Leucocoprinus	2535536	Leucocoprinus birnbaumii	2535598	
2542738	Tyromyces borealis (Fr.) Imazeki	2542720	Climacocystis borealis (Fr.) Kotl. & Pouzar	1	SPECIES	SYNONYM	Fungi	5	Basidiomycota	34	Agaricomycetes	186	Polyporales	1145	Fomitopsidaceae	7619	Climacocystis	2542719	Climacocystis borealis	2542720	
5248810	Lactarius piperatus (L.) Pers.	5248810	Lactarius piperatus (L.) Pers.	5	SPECIES	ACCEPTED	Fungi	5	Basidiomycota	34	Agaricomycetes	186	Russulales	1144	Russulaceae	7609	Lactarius	2532156	Lactarius piperatus	5248810	
2560663	Cordyceps nutans Pat.	3451394	Ophiocordyceps nutans (Pat.) G.H.Sung, J.M.Sung, Hywel-Jones & Spatafora	4	SPECIES	SYNONYM	Fungi	5	Ascomycota	95	Sordariomycetes	320	Hypocreales	1290	Ophiocordycipitaceae	8421	Ophiocordyceps	2560546	Ophiocordyceps nutans	3451394	
2594190	Tarzetta catinus (Holmsk.) Korf & J.K.Rogers	2594190	Tarzetta catinus (Holmsk.) Korf & J.K.Rogers	1	SPECIES	ACCEPTED	Fungi	5	Ascomycota	95	Pezizomycetes	316	Pezizales	1057	Pyronemataceae	4131	Tarzetta	2583500	Tarzetta catinus	2594190	
5248458	Auriscalpium vulgare Gray	5248458	Auriscalpium vulgare Gray	3	SPECIES	ACCEPTED	Fungi	5	Basidiomycota	34	Agaricomycetes	186	Russulales	1144	Auriscalpiaceae	3283	Auriscalpium	2550316	Auriscalpium vulgare	5248458	
2533043	Hebeloma crustuliniforme (Bull.) Quél.	2533043	Hebeloma crustuliniforme (Bull.) Quél.	2	SPECIES	ACCEPTED	Fungi	5	Basidiomycota	34	Agaricomycetes	186	Agaricales	1499	Hymenogastraceae	3309302	Hebeloma	2528519	Hebeloma crustuliniforme	2533043	
5245835	Coriolus consors (Berk.) Imazeki	2544226	Irpex consors Berk.	4	SPECIES	SYNONYM	Fungi	5	Basidiomycota	34	Agaricomycetes	186	Polyporales	1145	Meruliaceae	3287	Irpex	2518613	Irpex consors	2544226	
6015543	Boletus laetissimus Hongo	8268479	Crocinoboletus laetissimus (Hongo) N.K.Zeng, Zhu L.Yang & G.Wu	4	SPECIES	SYNONYM	Fungi	5	Basidiomycota	34	Agaricomycetes	186	Boletales	1063	Boletaceae	8789	Crocinoboletus	8191716	Crocinoboletus laetissimus	8268479	
9131888	Clitocybe candicans (Pers.) P.Kumm.	7530876	Leucocybe candicans (Pers.) Vizzini, P.Alvarado, G.Moreno & Consiglio	3	SPECIES	SYNONYM	Fungi	5	Basidiomycota	34	Agaricomycetes	186	Agaricales	1499	Tricholomataceae	8787	Leucocybe	7603327	Leucocybe candicans	7530876	
2544588	Gloeoporus dichrous (Fr.) Bres.	10719947	Vitreoporus dichrous (Fr.) Zmitr.	1	SPECIES	SYNONYM	Fungi	5	Basidiomycota	34	Agaricomycetes	186	Polyporales	1145	Meruliaceae	3287	Vitreoporus	10769928	Vitreoporus dichrous	10719947	
2551191	Russula densifolia Secr. ex Gillet	2551191	Russula densifolia Secr. ex Gillet	3	SPECIES	ACCEPTED	Fungi	5	Basidiomycota	34	Agaricomycetes	186	Russulales	1144	Russulaceae	7609	Russula	2551169	Russula densifolia	2551191	
4911717	Mycena alcalina (Fr.) Quél.	4911717	Mycena alcalina (Fr.) Quél.	3	SPECIES	ACCEPTED	Fungi	5	Basidiomycota	34	Agaricomycetes	186	Agaricales	1499	Mycenaceae	4180	Mycena	5955261	Mycena alcalina	4911717	
5463382	Lactarius flavidulus S.Imai	5463382	Lactarius flavidulus S.Imai	2	SPECIES	ACCEPTED	Fungi	5	Basidiomycota	34	Agaricomycetes	186	Russulales	1144	Russulaceae	7609	Lactarius	2532156	Lactarius flavidulus	5463382	
2553128	Stereum hirsutum (Willd.) Pers.	2553128	Stereum hirsutum (Willd.) Pers.	4	SPECIES	ACCEPTED	Fungi	5	Basidiomycota	34	Agaricomycetes	186	Russulales	1144	Stereaceae	3279	Stereum	2513764	Stereum hirsutum	2553128	
7256310	Cordyceps sobolifera (Hill ex Watson) Berk. & Broome	3450833	Ophiocordyceps sobolifera (Hill ex Watson) G.H.Sung, J.M.Sung, Hywel-Jones & Spatafora	3	SPECIES	SYNONYM	Fungi	5	Ascomycota	95	Sordariomycetes	320	Hypocreales	1290	Ophiocordycipitaceae	8421	Ophiocordyceps	2560546	Ophiocordyceps sobolifera	3450833	
3359054	Russula subnigricans Hongo	3359054	Russula subnigricans Hongo	2	SPECIES	ACCEPTED	Fungi	5	Basidiomycota	34	Agaricomycetes	186	Russulales	1144	Russulaceae	7609	Russula	2551169	Russula subnigricans	3359054	
5248508	Hericium erinaceus (Bull.) Pers.	5248508	Hericium erinaceus (Bull.) Pers.	4	SPECIES	ACCEPTED	Fungi	5	Basidiomycota	34	Agaricomycetes	186	Russulales	1144	Hericiaceae	7612	Hericium	5244571	Hericium erinaceus	5248508	LC
9632619	Russula compacta Forst & Peck	9632619	Russula compacta Forst & Peck	2	SPECIES	ACCEPTED	Fungi	5	Basidiomycota	34	Agaricomycetes	186	Russulales	1144	Russulaceae	7609	Russula	2551169	Russula compacta	9632619	
2553208	Stereum spectabile Klotzsch	2553206	Xylobolus spectabilis (Klotzsch) Boidin	3	SPECIES	SYNONYM	Fungi	5	Basidiomycota	34	Agaricomycetes	186	Russulales	1144	Stereaceae	3279	Xylobolus	2552368	Xylobolus spectabilis	2553206	
2531814	Tricholomopsis rutilans (Schaeff.) Singer	2531814	Tricholomopsis rutilans (Schaeff.) Singer	6	SPECIES	ACCEPTED	Fungi	5	Basidiomycota	34	Agaricomycetes	186	Agaricales	1499	Tricholomataceae	8787	Tricholomopsis	2531807	Tricholomopsis rutilans	2531814	
5460736	Paxillus atrotomentosus var. bambusinus R.E.D.Baker & W.T.Dale	7693097	Tapinella atrotomentosa (Batsch) Šutara	2	VARIETY	SYNONYM	Fungi	5	Basidiomycota	34	Agaricomycetes	186	Boletales	1063	Tapinellaceae	4187	Tapinella	2525650	Tapinella atrotomentosa	7693097	
8879395	Daedalea quercina (L.) Pers.	8879395	Daedalea quercina (L.) Pers.	2	SPECIES	ACCEPTED	Fungi	5	Basidiomycota	34	Agaricomycetes	186	Polyporales	1145	Fomitopsidaceae	7619	Daedalea	2513778	Daedalea quercina	8879395	
2521101	Inonotus cuticularis (Bull.) P.Karst.	2521101	Inonotus cuticularis (Bull.) P.Karst.	3	SPECIES	ACCEPTED	Fungi	5	Basidiomycota	34	Agaricomycetes	186	Hymenochaetales	1304	Hymenochaetaceae	8468	Inonotus	2520982	Inonotus cuticularis	2521101	
7390219	Lyophyllum semitale (Fr.) Kühner	7390219	Lyophyllum semitale (Fr.) Kühner	4	SPECIES	ACCEPTED	Fungi	5	Basidiomycota	34	Agaricomycetes	186	Agaricales	1499	Lyophyllaceae	4178	Lyophyllum	2530661	Lyophyllum semitale	7390219	
8210641	Pseudocolus schellenbergiae (Sumst.) M.M.Johnson	2524071	Pseudocolus fusiformis (E.Fisch.) Lloyd	6	SPECIES	SYNONYM	Fungi	5	Basidiomycota	34	Agaricomycetes	186	Phallales	532	Phallaceae	3292	Pseudocolus	2524070	Pseudocolus fusiformis	2524071	
5452310	Amanita pseudoporphyria Hongo	5452310	Amanita pseudoporphyria Hongo	4	SPECIES	ACCEPTED	Fungi	5	Basidiomycota	34	Agaricomycetes	186	Agaricales	1499	Amanitaceae	4171	Amanita	6005964	Amanita pseudoporphyria	5452310	
2547097	Polyporellus squamosus (Huds.) P.Karst.	2547092	Cerioporus squamosus (Huds.) Quél.	3	SPECIES	SYNONYM	Fungi	5	Basidiomycota	34	Agaricomycetes	186	Polyporales	1145	Polyporaceae	3286	Cerioporus	7240748	Cerioporus squamosus	2547092	
2553044	Stereum ostrea (Blume & T.Nees) Fr.	2553044	Stereum ostrea (Blume & T.Nees) Fr.	6	SPECIES	ACCEPTED	Fungi	5	Basidiomycota	34	Agaricomycetes	186	Russulales	1144	Stereaceae	3279	Stereum	2513764	Stereum ostrea	2553044	
3292343	Merulius tremellosus Schrad.	2544300	Phlebia tremellosa (Schrad.) Nakasone & Burds.	4	SPECIES	SYNONYM	Fungi	5	Basidiomycota	34	Agaricomycetes	186	Polyporales	1145	Meruliaceae	3287	Phlebia	2518738	Phlebia tremellosa	2544300	
5249893	Clavulina cristata (Holmsk.) J.Schröt.	5249883	Clavulina coralloides (L.) J.Schröt.	4	SPECIES	SYNONYM	Fungi	5	Basidiomycota	34	Agaricomycetes	186	Cantharellales	1300	Cantharellaceae	8457	Clavulina	2540196	Clavulina coralloides	5249883	
9090586	Collybia butyracea (Bull.) P.Kumm.	9217873	Rhodocollybia butyracea (Bull.) Lennox	4	SPECIES	SYNONYM	Fungi	5	Basidiomycota	34	Agaricomycetes	186	Agaricales	1499	Omphalotaceae	3305518	Rhodocollybia	2538146	Rhodocollybia butyracea	9217873	
3293936	Rhodophyllus ater Hongo	7622559	Entoloma atrum (Hongo) Hongo	3	SPECIES	SYNONYM	Fungi	5	Basidiomycota	34	Agaricomycetes	186	Agaricales	1499	Entolomataceae	4174	Entoloma	2530002	Entoloma atrum	7622559	
3449173	Podostroma cornu-damae (Pat.) Boedijn	9698565	Trichoderma cornu-damae (Pat.) Z.X.Zhu & W.Y.Zhuang	2	SPECIES	SYNONYM	Fungi	5	Ascomycota	95	Sordariomycetes	320	Hypocreales	1290	Hypocreaceae	8419	Trichoderma	7703803	Trichoderma cornu-damae	9698565	
2532215	Resupinatus applicatus (Batsch) Gray	2532215	Resupinatus applicatus (Batsch) Gray	2	SPECIES	ACCEPTED	Fungi	5	Basidiomycota	34	Agaricomycetes	186	Agaricales	1499	Tricholomataceae	8787	Resupinatus	2526696	Resupinatus applicatus	2532215	
8276631	Camarophyllus niveus (Scop.) Wünsche	3345381	Cuphophyllus virgineus (Wulfen) Kovalenko	1	SPECIES	SYNONYM	Fungi	5	Basidiomycota	34	Agaricomycetes	186	Agaricales	1499	Hygrophoraceae	4176	Cuphophyllus	7244096	Cuphophyllus virgineus	3345381	
2548406	Tyromyces sambuceus (Lloyd) Imazeki	2548406	Tyromyces sambuceus (Lloyd) Imazeki	2	SPECIES	ACCEPTED	Fungi	5	Basidiomycota	34	Agaricomycetes	186	Polyporales	1145	Polyporaceae	3286	Tyromyces	2518649	Tyromyces sambuceus	2548406	
7844383	Porodisculus pendulus (Fr.) Murrill	7844383	Porodisculus pendulus (Fr.) Murrill	1	SPECIES	ACCEPTED	Fungi	5	Basidiomycota	34	Agaricomycetes	186	Agaricales	1499	Fistulinaceae	8443	Porodisculus	2531033	Porodisculus pendulus	7844383	
2534205	Pholiota squarrosa (Vahl) P.Kumm.	2534205	Pholiota squarrosa (Vahl) P.Kumm.	5	SPECIES	ACCEPTED	Fungi	5	Basidiomycota	34	Agaricomycetes	186	Agaricales	1499	Strophariaceae	4186	Pholiota	2528397	Pholiota squarrosa	2534205	
2522935	Thelephora terrestris Ehrh.	2522935	Thelephora terrestris Ehrh.	3	SPECIES	ACCEPTED	Fungi	5	Basidiomycota	34	Agaricomycetes	186	Thelephorales	530	Thelephoraceae	3277	Thelephora	2513794	Thelephora terrestris	2522935	
5243243	Lycoperdon umbrinum Pers.	5243243	Lycoperdon umbrinum Pers.	1	SPECIES	ACCEPTED	Fungi	5	Basidiomycota	34	Agaricomycetes	186	Agaricales	1499	Agaricaceae	4170	Lycoperdon	9367003	Lycoperdon umbrinum	5243243	
7986826	Clavaria vermicularis Scop.	5244501	Clavaria fragilis Holmsk.	5	SPECIES	SYNONYM	Fungi	5	Basidiomycota	34	Agaricomycetes	186	Agaricales	1499	Clavariaceae	8442	Clavaria	9091779	Clavaria fragilis	5244501	
7987658	Coprinus comatus (O.F.Müll.) Pers.	7987658	Coprinus comatus (O.F.Müll.) Pers.	6	SPECIES	ACCEPTED	Fungi	5	Basidiomycota	34	Agaricomycetes	186	Agaricales	1499	Agaricaceae	4170	Coprinus	2526779	Coprinus comatus	7987658	LC
5239476	Clathrus ruber P.Micheli ex Pers.	5239476	Clathrus ruber P.Micheli ex Pers.	1	SPECIES	ACCEPTED	Fungi	5	Basidiomycota	34	Agaricomycetes	186	Phallales	532	Phallaceae	3292	Clathrus	5239475	Clathrus ruber	5239476	
8287374	Boletus L.	8287374	Boletus L.	2	GENUS	ACCEPTED	Fungi	5	Basidiomycota	34	Agaricomycetes	186	Boletales	1063	Boletaceae	8789	Boletus	8287374			
9134585	Calocera viscosa (Pers.) Fr.	9134585	Calocera viscosa (Pers.) Fr.	2	SPECIES	ACCEPTED	Fungi	5	Basidiomycota	34	Dacrymycetes	273	Dacrymycetales	1138	Dacrymycetaceae	7605	Calocera	2512968	Calocera viscosa	9134585	
5249504	Cantharellus cibarius Fr.	5249504	Cantharellus cibarius Fr.	5	SPECIES	ACCEPTED	Fungi	5	Basidiomycota	34	Agaricomycetes	186	Cantharellales	1300	Cantharellaceae	8457	Cantharellus	9623860	Cantharellus cibarius	5249504	
2534629	Coprinus disseminatus (Pers.) Gray	2534625	Coprinellus disseminatus (Pers.) J.E.Lange	5	SPECIES	SYNONYM	Fungi	5	Basidiomycota	34	Agaricomycetes	186	Agaricales	1499	Psathyrellaceae	4184	Coprinellus	2534558	Coprinellus disseminatus	2534625	
3354618	Tylopilus virens (W.F.Chiu) Hongo	9654671	Chiua virens (W.F.Chiu) Y.C.Li & Zhu L.Yang	3	SPECIES	SYNONYM	Fungi	5	Basidiomycota	34	Agaricomycetes	186	Boletales	1063	Boletaceae	8789	Chiua	9787486	Chiua virens	9654671	
3322924	Marasmius chamaecyparidis Hongo	3321114	Marasmiellus chamaecyparidis (Hongo) Hongo	1	SPECIES	SYNONYM	Fungi	5	Basidiomycota	34	Agaricomycetes	186	Agaricales	1499	Omphalotaceae	3305518	Marasmiellus	2523920	Marasmiellus chamaecyparidis	3321114	
5239766	Astraeus hygrometricus (Pers.) Morgan	5239766	Astraeus hygrometricus (Pers.) Morgan	1	SPECIES	ACCEPTED	Fungi	5	Basidiomycota	34	Agaricomycetes	186	Boletales	1063	Diplocystidiaceae	4190	Astraeus	2525061	Astraeus hygrometricus	5239766	
7240464	Phylloporus bellus (Massee) Corner	7240464	Phylloporus bellus (Massee) Corner	6	SPECIES	ACCEPTED	Fungi	5	Basidiomycota	34	Agaricomycetes	186	Boletales	1063	Boletaceae	8789	Phylloporus	2524119	Phylloporus bellus	7240464	
2527219	Mycena pura (Pers.) P.Kumm.	2527219	Mycena pura (Pers.) P.Kumm.	5	SPECIES	ACCEPTED	Fungi	5	Basidiomycota	34	Agaricomycetes	186	Agaricales	1499	Mycenaceae	4180	Mycena	5955261	Mycena pura	2527219	
7441914	Calvatia craniiformis (Schw.) Fr.	7441914	Calvatia craniiformis (Schw.) Fr.	5	SPECIES	ACCEPTED	Fungi	5	Basidiomycota	34	Agaricomycetes	186	Agaricales	1499	Agaricaceae	4170	Calvatia	9330501	Calvatia craniiformis	7441914	
2527952	Inocybe asterospora Quél.	2527952	Inocybe asterospora Quél.	3	SPECIES	ACCEPTED	Fungi	5	Basidiomycota	34	Agaricomycetes	186	Agaricales	1499	Inocybaceae	4177	Inocybe	2527866	Inocybe asterospora	2527952	
5239959	Scleroderma verrucosum (Bull.) Pers.	5239959	Scleroderma verrucosum (Bull.) Pers.	5	SPECIES	ACCEPTED	Fungi	5	Basidiomycota	34	Agaricomycetes	186	Boletales	1063	Sclerodermataceae	8453	Scleroderma	2524936	Scleroderma verrucosum	5239959	
5462735	Lactarius subzonarius Hongo	5462735	Lactarius subzonarius Hongo	3	SPECIES	ACCEPTED	Fungi	5	Basidiomycota	34	Agaricomycetes	186	Russulales	1144	Russulaceae	7609	Lactarius	2532156	Lactarius subzonarius	5462735	
